"village","ward","district","date.vaccinated","dogsVax"
"Bonchugu","Sedeco","Serengeti",2020-11-27,188
"Borenga","Kisaka","Serengeti",2020-11-12,4
"Borenga","Kisaka","Serengeti",2020-11-13,92
"Borenga","Kisaka","Serengeti",2022-01-24,113
"Borenga","Kisaka","Serengeti",2022-01-25,50
"Borenga","Kisaka","Serengeti",2022-11-21,134
"Borenga","Kisaka","Serengeti",2022-11-22,10
"Borenga","Kisaka","Serengeti",2022-11-24,2
"Borenga","Kisaka","Serengeti",2022-11-25,4
"Buchanchari","Kisaka","Serengeti",2020-11-10,113
"Buchanchari","Kisaka","Serengeti",2020-11-11,85
"Buchanchari","Kisaka","Serengeti",2022-01-26,167
"Buchanchari","Kisaka","Serengeti",2022-01-27,112
"Buchanchari","Kisaka","Serengeti",2022-01-28,12
"Buchanchari","Kisaka","Serengeti",2022-11-23,67
"Buchanchari","Kisaka","Serengeti",2022-11-24,140
"Buchanchari","Kisaka","Serengeti",2022-11-25,5
"Busawe","Busawe","Serengeti",2020-11-25,171
"Busawe","Busawe","Serengeti",2021-12-17,191
"Busawe","Busawe","Serengeti",2022-11-30,82
"Gantamome","Busawe","Serengeti",2020-11-23,20
"Gantamome","Busawe","Serengeti",2020-11-24,34
"Gantamome","Busawe","Serengeti",2020-11-25,19
"Gantamome","Busawe","Serengeti",2021-12-15,59
"Gantamome","Busawe","Serengeti",2021-12-16,46
"Gantamome","Busawe","Serengeti",2021-12-17,9
"Gantamome","Busawe","Serengeti",2022-11-28,9
"Gantamome","Busawe","Serengeti",2022-11-29,69
"Gantamome","Busawe","Serengeti",2022-11-30,19
"Gesarya","Rung'Abure","Serengeti",2020-11-07,70
"Gesarya","Rung'Abure","Serengeti",2020-12-08,79
"Gesarya","Rung'Abure","Serengeti",2021-03-08,10
"Gesarya","Rung'Abure","Serengeti",2021-03-10,31
"Gesarya","Rung'Abure","Serengeti",2021-11-22,1
"Gesarya","Rung'Abure","Serengeti",2021-11-23,1
"Gesarya","Rung'Abure","Serengeti",2021-11-26,3
"Gesarya","Rung'Abure","Serengeti",2021-12-01,66
"Gesarya","Rung'Abure","Serengeti",2021-12-08,30
"Gesarya","Rung'Abure","Serengeti",2021-12-10,12
"Gesarya","Rung'Abure","Serengeti",2021-12-14,19
"Gesarya","Rung'Abure","Serengeti",2022-02-23,4
"Gesarya","Rung'Abure","Serengeti",2022-04-18,2
"Gesarya","Rung'Abure","Serengeti",2022-06-24,2
"Gesarya","Rung'Abure","Serengeti",2022-11-15,9
"Gesarya","Rung'Abure","Serengeti",2022-11-23,25
"Gesarya","Rung'Abure","Serengeti",2022-12-05,2
"Gesarya","Rung'Abure","Serengeti",2022-12-21,1
"Gesarya","Rung'Abure","Serengeti",2022-12-22,30
"Gusuhi","Nyambureti","Serengeti",2020-12-01,31
"Gusuhi","Nyambureti","Serengeti",2020-12-02,3
"Gusuhi","Nyambureti","Serengeti",2020-12-04,2
"Gusuhi","Nyambureti","Serengeti",2021-11-24,1
"Gusuhi","Nyambureti","Serengeti",2021-11-25,145
"Hekwe","Kenyamonta","Serengeti",2020-11-17,74
"Hekwe","Kenyamonta","Serengeti",2021-12-05,64
"Hekwe","Kenyamonta","Serengeti",2021-12-06,80
"Hekwe","Kenyamonta","Serengeti",2022-12-22,9
"Iseresere","Majimoto","Serengeti",2020-11-26,207
"Iseresere","Majimoto","Serengeti",2021-12-09,227
"Iseresere","Majimoto","Serengeti",2022-12-01,123
"Iseresere","Majimoto","Serengeti",2022-12-02,3
"Itununu","Nyamoko","Serengeti",2020-11-02,149
"Itununu","Nyamoko","Serengeti",2020-11-06,1
"Itununu","Nyamoko","Serengeti",2020-11-07,1
"Itununu","Nyamoko","Serengeti",2020-11-13,82
"Itununu","Nyamoko","Serengeti",2020-12-11,16
"Itununu","Nyamoko","Serengeti",2021-05-10,10
"Itununu","Nyamoko","Serengeti",2021-11-29,64
"Itununu","Nyamoko","Serengeti",2021-11-30,53
"Itununu","Nyamoko","Serengeti",2021-12-01,15
"Itununu","Nyamoko","Serengeti",2022-02-08,40
"Itununu","Nyamoko","Serengeti",2022-04-04,47
"Itununu","Nyamoko","Serengeti",2022-05-16,43
"Itununu","Nyamoko","Serengeti",2022-06-21,18
"Itununu","Nyamoko","Serengeti",2022-06-23,15
"Itununu","Nyamoko","Serengeti",2022-07-01,2
"Itununu","Nyamoko","Serengeti",2022-07-11,20
"Itununu","Nyamoko","Serengeti",2022-07-21,12
"Itununu","Nyamoko","Serengeti",2022-07-26,10
"Itununu","Nyamoko","Serengeti",2022-08-09,8
"Itununu","Nyamoko","Serengeti",2022-08-15,9
"Itununu","Nyamoko","Serengeti",2022-08-18,5
"Itununu","Nyamoko","Serengeti",2022-08-22,16
"Itununu","Nyamoko","Serengeti",2022-08-23,2
"Itununu","Nyamoko","Serengeti",2022-08-29,2
"Itununu","Nyamoko","Serengeti",2022-09-21,37
"Itununu","Nyamoko","Serengeti",2022-09-28,3
"Itununu","Nyamoko","Serengeti",2022-09-29,1
"Itununu","Nyamoko","Serengeti",2022-10-25,20
"Itununu","Nyamoko","Serengeti",2022-11-14,4
"Itununu","Nyamoko","Serengeti",2022-11-16,33
"Itununu","Nyamoko","Serengeti",2022-12-07,63
"Kebanchebanche","Kebanchebanche","Serengeti",2020-11-03,107
"Kebanchebanche","Kebanchebanche","Serengeti",2020-11-04,9
"Kebanchebanche","Kebanchebanche","Serengeti",2020-11-05,1
"Kebanchebanche","Kebanchebanche","Serengeti",2020-11-09,16
"Kebanchebanche","Kebanchebanche","Serengeti",2020-11-11,1
"Kebanchebanche","Kebanchebanche","Serengeti",2020-11-18,39
"Kebanchebanche","Kebanchebanche","Serengeti",2020-11-27,1
"Kebanchebanche","Kebanchebanche","Serengeti",2020-12-16,2
"Kebanchebanche","Kebanchebanche","Serengeti",2020-12-23,7
"Kebanchebanche","Kebanchebanche","Serengeti",2021-01-06,3
"Kebanchebanche","Kebanchebanche","Serengeti",2021-02-03,1
"Kebanchebanche","Kebanchebanche","Serengeti",2021-02-17,1
"Kebanchebanche","Kebanchebanche","Serengeti",2021-03-04,6
"Kebanchebanche","Kebanchebanche","Serengeti",2021-03-16,8
"Kebanchebanche","Kebanchebanche","Serengeti",2021-03-17,8
"Kebanchebanche","Kebanchebanche","Serengeti",2021-06-02,1
"Kebanchebanche","Kebanchebanche","Serengeti",2021-09-30,2
"Kebanchebanche","Kebanchebanche","Serengeti",2021-11-26,18
"Kebanchebanche","Kebanchebanche","Serengeti",2021-11-27,25
"Kebanchebanche","Kebanchebanche","Serengeti",2021-12-07,1
"Kebanchebanche","Kebanchebanche","Serengeti",2022-02-07,3
"Kebanchebanche","Kebanchebanche","Serengeti",2022-02-11,9
"Kebanchebanche","Kebanchebanche","Serengeti",2022-02-15,2
"Kebanchebanche","Kebanchebanche","Serengeti",2022-03-24,2
"Kebanchebanche","Kebanchebanche","Serengeti",2022-03-27,49
"Kebanchebanche","Kebanchebanche","Serengeti",2022-04-24,1
"Kebanchebanche","Kebanchebanche","Serengeti",2022-04-27,4
"Kebanchebanche","Kebanchebanche","Serengeti",2022-05-12,24
"Kebanchebanche","Kebanchebanche","Serengeti",2022-07-23,23
"Kebanchebanche","Kebanchebanche","Serengeti",2022-07-27,21
"Kebanchebanche","Kebanchebanche","Serengeti",2022-09-24,72
"Kebanchebanche","Kebanchebanche","Serengeti",2022-11-20,14
"Kebanchebanche","Kebanchebanche","Serengeti",2022-11-26,40
"Kebanchebanche","Kebanchebanche","Serengeti",2022-12-07,9
"Kemgesi","Nyamatare","Serengeti",2020-11-02,2
"Kemgesi","Nyamatare","Serengeti",2020-11-03,107
"Kemgesi","Nyamatare","Serengeti",2020-11-06,165
"Kemgesi","Nyamatare","Serengeti",2020-11-17,58
"Kemgesi","Nyamatare","Serengeti",2020-11-20,6
"Kemgesi","Nyamatare","Serengeti",2020-11-22,1
"Kemgesi","Nyamatare","Serengeti",2020-11-30,68
"Kemgesi","Nyamatare","Serengeti",2021-01-05,15
"Kemgesi","Nyamatare","Serengeti",2021-01-08,11
"Kemgesi","Nyamatare","Serengeti",2021-05-04,40
"Kemgesi","Nyamatare","Serengeti",2021-06-07,1
"Kemgesi","Nyamatare","Serengeti",2021-06-22,2
"Kemgesi","Nyamatare","Serengeti",2021-07-14,7
"Kemgesi","Nyamatare","Serengeti",2021-10-07,1
"Kemgesi","Nyamatare","Serengeti",2021-11-23,90
"Kemgesi","Nyamatare","Serengeti",2021-11-24,6
"Kemgesi","Nyamatare","Serengeti",2021-11-26,109
"Kemgesi","Nyamatare","Serengeti",2021-11-27,3
"Kemgesi","Nyamatare","Serengeti",2021-12-08,99
"Kemgesi","Nyamatare","Serengeti",2022-02-09,28
"Kemgesi","Nyamatare","Serengeti",2022-03-29,41
"Kemgesi","Nyamatare","Serengeti",2022-03-31,4
"Kemgesi","Nyamatare","Serengeti",2022-04-06,9
"Kemgesi","Nyamatare","Serengeti",2022-04-30,1
"Kemgesi","Nyamatare","Serengeti",2022-05-21,45
"Kemgesi","Nyamatare","Serengeti",2022-05-24,9
"Kemgesi","Nyamatare","Serengeti",2022-06-18,42
"Kemgesi","Nyamatare","Serengeti",2022-08-18,108
"Kemgesi","Nyamatare","Serengeti",2022-11-19,5
"Kemgesi","Nyamatare","Serengeti",2022-11-23,82
"Kemgesi","Nyamatare","Serengeti",2022-12-06,66
"Kemgesi","Nyamatare","Serengeti",2022-12-13,13
"Kemgesi","Nyamatare","Serengeti",2022-12-14,40
"Kemgesi","Nyamatare","Serengeti",2022-12-16,82
"Kemgesi","Nyamatare","Serengeti",2022-12-21,55
"Kenyamonta","Kenyamonta","Serengeti",2020-11-22,93
"Kenyamonta","Kenyamonta","Serengeti",2021-12-02,147
"Kenyamonta","Kenyamonta","Serengeti",2022-12-20,225
"Kenyana","Ring'Wani","Serengeti",2020-11-02,189
"Kenyana","Ring'Wani","Serengeti",2020-11-03,2
"Kenyana","Ring'Wani","Serengeti",2020-11-04,14
"Kenyana","Ring'Wani","Serengeti",2020-12-10,3
"Kenyana","Ring'Wani","Serengeti",2020-12-18,14
"Kenyana","Ring'Wani","Serengeti",2020-12-29,94
"Kenyana","Ring'Wani","Serengeti",2021-01-15,42
"Kenyana","Ring'Wani","Serengeti",2021-03-24,2
"Kenyana","Ring'Wani","Serengeti",2021-05-04,30
"Kenyana","Ring'Wani","Serengeti",2021-05-05,18
"Kenyana","Ring'Wani","Serengeti",2021-06-04,4
"Kenyana","Ring'Wani","Serengeti",2021-06-18,3
"Kenyana","Ring'Wani","Serengeti",2021-07-14,26
"Kenyana","Ring'Wani","Serengeti",2021-09-30,26
"Kenyana","Ring'Wani","Serengeti",2021-10-07,1
"Kenyana","Ring'Wani","Serengeti",2021-10-14,25
"Kenyana","Ring'Wani","Serengeti",2021-10-29,3
"Kenyana","Ring'Wani","Serengeti",2021-11-15,27
"Kenyana","Ring'Wani","Serengeti",2021-12-10,96
"Kenyana","Ring'Wani","Serengeti",2021-12-15,8
"Kenyana","Ring'Wani","Serengeti",2022-01-27,12
"Kenyana","Ring'Wani","Serengeti",2022-02-04,13
"Kenyana","Ring'Wani","Serengeti",2022-03-26,39
"Kenyana","Ring'Wani","Serengeti",2022-03-29,24
"Kenyana","Ring'Wani","Serengeti",2022-03-30,17
"Kenyana","Ring'Wani","Serengeti",2022-04-07,1
"Kenyana","Ring'Wani","Serengeti",2022-04-12,59
"Kenyana","Ring'Wani","Serengeti",2022-05-13,6
"Kenyana","Ring'Wani","Serengeti",2022-05-17,9
"Kenyana","Ring'Wani","Serengeti",2022-07-07,11
"Kenyana","Ring'Wani","Serengeti",2022-07-13,19
"Kenyana","Ring'Wani","Serengeti",2022-07-18,60
"Kenyana","Ring'Wani","Serengeti",2022-07-30,5
"Kenyana","Ring'Wani","Serengeti",2022-08-18,14
"Kenyana","Ring'Wani","Serengeti",2022-09-21,26
"Kenyana","Ring'Wani","Serengeti",2022-11-15,259
"Kenyana","Ring'Wani","Serengeti",2022-11-18,63
"Kerenero","Geitasamo","Serengeti",2020-11-02,86
"Kerenero","Geitasamo","Serengeti",2021-11-15,8
"Kerukerege","Nyambureti","Serengeti",2020-12-03,84
"Kerukerege","Nyambureti","Serengeti",2021-11-26,117
"Kitembere","Rigicha","Serengeti",2020-11-07,114
"Kitembere","Rigicha","Serengeti",2020-11-12,3
"Kitembere","Rigicha","Serengeti",2020-11-13,14
"Kitembere","Rigicha","Serengeti",2020-11-16,30
"Kitembere","Rigicha","Serengeti",2021-08-31,15
"Kitembere","Rigicha","Serengeti",2021-11-29,96
"Kitembere","Rigicha","Serengeti",2022-01-07,20
"Kitembere","Rigicha","Serengeti",2022-01-20,29
"Kitembere","Rigicha","Serengeti",2022-05-29,50
"Kitembere","Rigicha","Serengeti",2022-05-30,55
"Kitembere","Rigicha","Serengeti",2022-11-22,130
"Kitembere","Rigicha","Serengeti",2022-11-26,2
"Kitembere","Rigicha","Serengeti",2022-12-13,52
"Koreri","Mbalibali","Serengeti",2020-11-24,109
"Kwitete","Nyamoko","Serengeti",2020-11-02,2
"Kwitete","Nyamoko","Serengeti",2020-11-04,179
"Kwitete","Nyamoko","Serengeti",2020-11-06,6
"Kwitete","Nyamoko","Serengeti",2020-11-14,76
"Kwitete","Nyamoko","Serengeti",2020-11-23,39
"Kwitete","Nyamoko","Serengeti",2021-03-10,37
"Kwitete","Nyamoko","Serengeti",2021-06-15,32
"Kwitete","Nyamoko","Serengeti",2021-09-16,25
"Kwitete","Nyamoko","Serengeti",2021-12-03,23
"Kwitete","Nyamoko","Serengeti",2021-12-15,75
"Kwitete","Nyamoko","Serengeti",2022-05-05,1
"Kwitete","Nyamoko","Serengeti",2022-05-08,34
"Kwitete","Nyamoko","Serengeti",2022-06-30,32
"Kwitete","Nyamoko","Serengeti",2022-07-13,17
"Kwitete","Nyamoko","Serengeti",2022-07-25,33
"Kwitete","Nyamoko","Serengeti",2022-07-26,3
"Kwitete","Nyamoko","Serengeti",2022-08-16,7
"Kwitete","Nyamoko","Serengeti",2022-08-17,23
"Kwitete","Nyamoko","Serengeti",2022-08-25,2
"Kwitete","Nyamoko","Serengeti",2022-09-19,50
"Kwitete","Nyamoko","Serengeti",2022-11-22,60
"Maburi","Nyambureti","Serengeti",2020-11-30,57
"Maburi","Nyambureti","Serengeti",2020-12-02,1
"Maburi","Nyambureti","Serengeti",2021-11-22,159
"Maburi","Nyambureti","Serengeti",2021-11-26,1
"Magange","Magange","Serengeti",2020-11-04,141
"Magange","Magange","Serengeti",2021-11-30,113
"Magange","Magange","Serengeti",2022-12-15,170
"Magange","Magange","Serengeti",2022-12-16,3
"Magatini","Kenyamonta","Serengeti",2020-11-16,98
"Magatini","Kenyamonta","Serengeti",2020-11-17,12
"Magatini","Kenyamonta","Serengeti",2021-12-06,85
"Magatini","Kenyamonta","Serengeti",2022-12-20,3
"Magatini","Kenyamonta","Serengeti",2022-12-22,136
"Majimoto","Majimoto","Serengeti",2020-11-17,6
"Majimoto","Majimoto","Serengeti",2020-11-28,125
"Majimoto","Majimoto","Serengeti",2021-12-07,148
"Majimoto","Majimoto","Serengeti",2022-12-01,1
"Majimoto","Majimoto","Serengeti",2022-12-03,86
"Masangura","Nyamoko","Serengeti",2020-11-06,166
"Masangura","Nyamoko","Serengeti",2020-11-07,88
"Masangura","Nyamoko","Serengeti",2020-11-26,22
"Masangura","Nyamoko","Serengeti",2021-09-15,36
"Masangura","Nyamoko","Serengeti",2021-12-22,31
"Masangura","Nyamoko","Serengeti",2022-01-10,50
"Masangura","Nyamoko","Serengeti",2022-01-16,1
"Masinki","Magange","Serengeti",2020-11-03,75
"Masinki","Magange","Serengeti",2021-11-29,132
"Masinki","Magange","Serengeti",2022-12-14,3
"Masinki","Magange","Serengeti",2022-12-16,186
"Mbirikiri","Sedeco","Serengeti",2020-11-25,191
"Mesaga","Kenyamonta","Serengeti",2020-11-18,15
"Mesaga","Kenyamonta","Serengeti",2020-11-19,107
"Mesaga","Kenyamonta","Serengeti",2021-12-04,177
"Mesaga","Kenyamonta","Serengeti",2021-12-06,4
"Mesaga","Kenyamonta","Serengeti",2022-12-19,136
"Mesaga","Kenyamonta","Serengeti",2022-12-24,1
"Misseke","Manchira","Serengeti",2020-11-16,28
"Monuna","Nyambureti","Serengeti",2020-12-02,68
"Monuna","Nyambureti","Serengeti",2021-11-23,67
"Monuna","Nyambureti","Serengeti",2021-11-24,13
"Musati","Kebanchebanche","Serengeti",2020-11-02,33
"Musati","Kebanchebanche","Serengeti",2020-11-04,21
"Musati","Kebanchebanche","Serengeti",2020-11-09,53
"Musati","Kebanchebanche","Serengeti",2020-11-11,117
"Musati","Kebanchebanche","Serengeti",2020-12-15,19
"Musati","Kebanchebanche","Serengeti",2021-02-03,2
"Musati","Kebanchebanche","Serengeti",2021-02-04,14
"Musati","Kebanchebanche","Serengeti",2021-02-17,14
"Musati","Kebanchebanche","Serengeti",2021-06-02,30
"Musati","Kebanchebanche","Serengeti",2021-08-06,1
"Musati","Kebanchebanche","Serengeti",2021-11-27,2
"Musati","Kebanchebanche","Serengeti",2021-11-30,3
"Musati","Kebanchebanche","Serengeti",2021-12-04,2
"Musati","Kebanchebanche","Serengeti",2021-12-07,1
"Musati","Kebanchebanche","Serengeti",2021-12-11,56
"Musati","Kebanchebanche","Serengeti",2021-12-13,103
"Musati","Kebanchebanche","Serengeti",2022-01-13,4
"Musati","Kebanchebanche","Serengeti",2022-03-24,55
"Musati","Kebanchebanche","Serengeti",2022-03-27,3
"Musati","Kebanchebanche","Serengeti",2022-04-24,59
"Musati","Kebanchebanche","Serengeti",2022-04-30,1
"Musati","Kebanchebanche","Serengeti",2022-06-07,30
"Musati","Kebanchebanche","Serengeti",2022-07-27,32
"Musati","Kebanchebanche","Serengeti",2022-11-24,45
"Musati","Kebanchebanche","Serengeti",2022-12-07,5
"Musati","Kebanchebanche","Serengeti",2022-12-30,75
"Nyagasense","Kenyamonta","Serengeti",2020-11-20,95
"Nyagasense","Kenyamonta","Serengeti",2020-11-22,1
"Nyagasense","Kenyamonta","Serengeti",2021-12-03,251
"Nyagasense","Kenyamonta","Serengeti",2021-12-04,23
"Nyagasense","Kenyamonta","Serengeti",2021-12-05,2
"Nyagasense","Kenyamonta","Serengeti",2022-12-20,2
"Nyagasense","Kenyamonta","Serengeti",2022-12-24,193
"Nyamakobiti","Majimoto","Serengeti",2020-11-27,208
"Nyamakobiti","Majimoto","Serengeti",2021-12-08,175
"Nyamakobiti","Majimoto","Serengeti",2021-12-09,2
"Nyamakobiti","Majimoto","Serengeti",2022-12-01,2
"Nyamakobiti","Majimoto","Serengeti",2022-12-02,85
"Nyamakobiti","Majimoto","Serengeti",2022-12-03,18
"Nyamatare","Nyamatare","Serengeti",2020-11-02,138
"Nyamatare","Nyamatare","Serengeti",2020-11-06,25
"Nyamatare","Nyamatare","Serengeti",2020-11-20,40
"Nyamatare","Nyamatare","Serengeti",2020-12-10,31
"Nyamatare","Nyamatare","Serengeti",2021-01-05,11
"Nyamatare","Nyamatare","Serengeti",2021-03-15,10
"Nyamatare","Nyamatare","Serengeti",2021-03-20,6
"Nyamatare","Nyamatare","Serengeti",2021-07-10,3
"Nyamatare","Nyamatare","Serengeti",2021-10-07,6
"Nyamatare","Nyamatare","Serengeti",2021-11-24,128
"Nyamatare","Nyamatare","Serengeti",2021-11-26,7
"Nyamatare","Nyamatare","Serengeti",2021-12-08,1
"Nyamatare","Nyamatare","Serengeti",2021-12-28,28
"Nyamatare","Nyamatare","Serengeti",2022-03-31,1
"Nyamatare","Nyamatare","Serengeti",2022-04-06,34
"Nyamatare","Nyamatare","Serengeti",2022-04-08,1
"Nyamatare","Nyamatare","Serengeti",2022-04-22,6
"Nyamatare","Nyamatare","Serengeti",2022-04-25,19
"Nyamatare","Nyamatare","Serengeti",2022-04-30,1
"Nyamatare","Nyamatare","Serengeti",2022-05-02,1
"Nyamatare","Nyamatare","Serengeti",2022-05-21,7
"Nyamatare","Nyamatare","Serengeti",2022-05-23,3
"Nyamatare","Nyamatare","Serengeti",2022-07-22,39
"Nyamatare","Nyamatare","Serengeti",2022-11-19,161
"Nyamatare","Nyamatare","Serengeti",2022-12-09,2
"Nyamatare","Nyamatare","Serengeti",2022-12-13,66
"Nyamatare","Nyamatare","Serengeti",2022-12-14,16
"Nyamatare","Nyamatare","Serengeti",2022-12-19,42
"Nyambureti","Nyambureti","Serengeti",2020-12-04,62
"Nyambureti","Nyambureti","Serengeti",2021-11-24,106
"Nyambureti","Nyambureti","Serengeti",2021-11-25,5
"Nyamehuru","Busawe","Serengeti",2020-11-23,43
"Nyamehuru","Busawe","Serengeti",2020-11-24,47
"Nyamehuru","Busawe","Serengeti",2021-12-15,92
"Nyamehuru","Busawe","Serengeti",2021-12-16,56
"Nyamehuru","Busawe","Serengeti",2022-11-28,49
"Nyamehuru","Busawe","Serengeti",2022-11-29,39
"Nyamehuru","Busawe","Serengeti",2022-11-30,1
"Nyamerama","Rung'Abure","Serengeti",2020-11-05,198
"Nyamerama","Rung'Abure","Serengeti",2020-11-06,77
"Nyamerama","Rung'Abure","Serengeti",2020-11-07,5
"Nyamerama","Rung'Abure","Serengeti",2020-11-30,2
"Nyamerama","Rung'Abure","Serengeti",2020-12-09,22
"Nyamerama","Rung'Abure","Serengeti",2021-03-03,12
"Nyamerama","Rung'Abure","Serengeti",2021-03-08,6
"Nyamerama","Rung'Abure","Serengeti",2021-10-13,1
"Nyamerama","Rung'Abure","Serengeti",2021-11-22,73
"Nyamerama","Rung'Abure","Serengeti",2021-11-23,112
"Nyamerama","Rung'Abure","Serengeti",2021-11-24,21
"Nyamerama","Rung'Abure","Serengeti",2021-12-01,1
"Nyamerama","Rung'Abure","Serengeti",2021-12-08,3
"Nyamerama","Rung'Abure","Serengeti",2021-12-10,1
"Nyamerama","Rung'Abure","Serengeti",2022-02-15,13
"Nyamerama","Rung'Abure","Serengeti",2022-03-30,4
"Nyamerama","Rung'Abure","Serengeti",2022-11-15,6
"Nyamerama","Rung'Abure","Serengeti",2022-11-21,143
"Nyamerama","Rung'Abure","Serengeti",2022-12-20,1
"Nyamerama","Rung'Abure","Serengeti",2022-12-21,27
"Nyamitita","Ring'Wani","Serengeti",2020-11-04,163
"Nyamitita","Ring'Wani","Serengeti",2020-11-13,39
"Nyamitita","Ring'Wani","Serengeti",2020-12-10,105
"Nyamitita","Ring'Wani","Serengeti",2021-03-18,72
"Nyamitita","Ring'Wani","Serengeti",2021-03-24,9
"Nyamitita","Ring'Wani","Serengeti",2021-05-21,56
"Nyamitita","Ring'Wani","Serengeti",2021-10-07,48
"Nyamitita","Ring'Wani","Serengeti",2021-10-29,4
"Nyamitita","Ring'Wani","Serengeti",2021-11-16,178
"Nyamitita","Ring'Wani","Serengeti",2021-12-08,98
"Nyamitita","Ring'Wani","Serengeti",2021-12-10,5
"Nyamitita","Ring'Wani","Serengeti",2021-12-16,65
"Nyamitita","Ring'Wani","Serengeti",2022-03-24,31
"Nyamitita","Ring'Wani","Serengeti",2022-04-08,23
"Nyamitita","Ring'Wani","Serengeti",2022-04-13,34
"Nyamitita","Ring'Wani","Serengeti",2022-05-12,29
"Nyamitita","Ring'Wani","Serengeti",2022-07-06,56
"Nyamitita","Ring'Wani","Serengeti",2022-09-09,28
"Nyamitita","Ring'Wani","Serengeti",2022-09-21,1
"Nyamitita","Ring'Wani","Serengeti",2022-11-17,128
"Nyamoko","Geitasamo","Serengeti",2020-11-02,2
"Nyamoko","Geitasamo","Serengeti",2021-11-15,91
"Nyankomogo","Rigicha","Serengeti",2020-11-02,86
"Nyankomogo","Rigicha","Serengeti",2020-11-23,9
"Nyankomogo","Rigicha","Serengeti",2020-11-26,12
"Nyankomogo","Rigicha","Serengeti",2020-11-30,19
"Nyankomogo","Rigicha","Serengeti",2021-08-27,10
"Nyankomogo","Rigicha","Serengeti",2021-12-13,78
"Nyankomogo","Rigicha","Serengeti",2022-02-12,7
"Nyankomogo","Rigicha","Serengeti",2022-03-30,9
"Nyankomogo","Rigicha","Serengeti",2022-04-28,33
"Nyankomogo","Rigicha","Serengeti",2022-10-13,1
"Nyankomogo","Rigicha","Serengeti",2022-11-26,62
"Nyansurumunti","Kisaka","Serengeti",2020-11-09,50
"Nyansurumunti","Kisaka","Serengeti",2020-11-13,2
"Nyansurumunti","Kisaka","Serengeti",2022-01-28,159
"Nyansurumunti","Kisaka","Serengeti",2022-11-22,1
"Nyansurumunti","Kisaka","Serengeti",2022-11-25,103
"Nyiboko","Kisaka","Serengeti",2020-11-12,128
"Nyiboko","Kisaka","Serengeti",2020-11-13,5
"Nyiboko","Kisaka","Serengeti",2022-01-25,132
"Nyiboko","Kisaka","Serengeti",2022-01-26,3
"Nyiboko","Kisaka","Serengeti",2022-11-22,139
"Nyichoka","Kyambahi","Serengeti",2020-11-12,124
"Park Nyigoti","Ikoma","Serengeti",2020-11-26,69
"Remung'orori","Magange","Serengeti",2020-11-05,138
"Remung'orori","Magange","Serengeti",2021-12-01,159
"Remung'orori","Magange","Serengeti",2022-12-14,222
"Rigicha","Rigicha","Serengeti",2020-11-02,18
"Rigicha","Rigicha","Serengeti",2020-11-04,77
"Rigicha","Rigicha","Serengeti",2021-04-14,11
"Rigicha","Rigicha","Serengeti",2021-08-27,11
"Rigicha","Rigicha","Serengeti",2021-08-28,33
"Rigicha","Rigicha","Serengeti",2021-11-25,24
"Rigicha","Rigicha","Serengeti",2021-12-13,13
"Rigicha","Rigicha","Serengeti",2022-01-07,1
"Rigicha","Rigicha","Serengeti",2022-04-16,32
"Rigicha","Rigicha","Serengeti",2022-04-17,7
"Rigicha","Rigicha","Serengeti",2022-07-18,20
"Rigicha","Rigicha","Serengeti",2022-07-28,2
"Rigicha","Rigicha","Serengeti",2022-10-13,36
"Rigicha","Rigicha","Serengeti",2022-11-25,38
"Rigicha","Rigicha","Serengeti",2022-11-26,1
"Ring'wani","Ring'Wani","Serengeti",2020-11-03,187
"Ring'wani","Ring'Wani","Serengeti",2020-11-20,81
"Ring'wani","Ring'Wani","Serengeti",2021-05-05,1
"Ring'wani","Ring'Wani","Serengeti",2021-05-12,24
"Ring'wani","Ring'Wani","Serengeti",2021-09-29,14
"Ring'wani","Ring'Wani","Serengeti",2021-10-21,21
"Ring'wani","Ring'Wani","Serengeti",2021-11-17,82
"Ring'wani","Ring'Wani","Serengeti",2021-12-15,37
"Ring'wani","Ring'Wani","Serengeti",2022-02-15,40
"Ring'wani","Ring'Wani","Serengeti",2022-04-07,8
"Ring'wani","Ring'Wani","Serengeti",2022-04-13,24
"Ring'wani","Ring'Wani","Serengeti",2022-05-21,22
"Ring'wani","Ring'Wani","Serengeti",2022-07-14,16
"Ring'wani","Ring'Wani","Serengeti",2022-10-27,18
"Ring'wani","Ring'Wani","Serengeti",2022-11-22,134
"Ring'wani","Ring'Wani","Serengeti",2022-11-24,51
"Rung'abure","Rung'Abure","Serengeti",2020-11-02,169
"Rung'abure","Rung'Abure","Serengeti",2020-11-03,57
"Rung'abure","Rung'Abure","Serengeti",2020-11-04,110
"Rung'abure","Rung'Abure","Serengeti",2020-11-30,31
"Rung'abure","Rung'Abure","Serengeti",2021-02-26,14
"Rung'abure","Rung'Abure","Serengeti",2021-10-11,10
"Rung'abure","Rung'Abure","Serengeti",2021-11-22,1
"Rung'abure","Rung'Abure","Serengeti",2021-11-23,1
"Rung'abure","Rung'Abure","Serengeti",2021-11-25,60
"Rung'abure","Rung'Abure","Serengeti",2021-11-26,156
"Rung'abure","Rung'Abure","Serengeti",2021-12-18,1
"Rung'abure","Rung'Abure","Serengeti",2022-02-08,3
"Rung'abure","Rung'Abure","Serengeti",2022-02-10,1
"Rung'abure","Rung'Abure","Serengeti",2022-03-30,1
"Rung'abure","Rung'Abure","Serengeti",2022-04-07,6
"Rung'abure","Rung'Abure","Serengeti",2022-04-18,4
"Rung'abure","Rung'Abure","Serengeti",2022-06-24,57
"Rung'abure","Rung'Abure","Serengeti",2022-11-15,182
"Rung'abure","Rung'Abure","Serengeti",2022-12-17,31
"Rwamchanga","Manchira","Serengeti",2020-11-16,89
"Sogoti","Kebanchebanche","Serengeti",2020-11-02,66
"Sogoti","Kebanchebanche","Serengeti",2021-02-03,1
"Sogoti","Kebanchebanche","Serengeti",2021-06-02,7
"Sogoti","Kebanchebanche","Serengeti",2021-11-30,19
"Sogoti","Kebanchebanche","Serengeti",2021-12-04,7
"Sogoti","Kebanchebanche","Serengeti",2021-12-13,3
"Sogoti","Kebanchebanche","Serengeti",2022-04-19,24
"Sogoti","Kebanchebanche","Serengeti",2022-04-24,7
"Sogoti","Kebanchebanche","Serengeti",2022-04-29,1
"Sogoti","Kebanchebanche","Serengeti",2022-11-16,43
"Sogoti","Kebanchebanche","Serengeti",2022-11-24,3
"Wagete","Rigicha","Serengeti",2020-11-06,63
"Wagete","Rigicha","Serengeti",2020-11-07,3
"Wagete","Rigicha","Serengeti",2021-10-11,18
"Wagete","Rigicha","Serengeti",2021-10-12,7
"Wagete","Rigicha","Serengeti",2021-10-30,13
"Wagete","Rigicha","Serengeti",2021-10-31,26
"Wagete","Rigicha","Serengeti",2021-12-13,6
"Wagete","Rigicha","Serengeti",2021-12-22,32
"Wagete","Rigicha","Serengeti",2022-02-10,15
"Wagete","Rigicha","Serengeti",2022-07-23,34
"Wagete","Rigicha","Serengeti",2022-07-24,18
"Wagete","Rigicha","Serengeti",2022-11-19,40
"Wagete","Rigicha","Serengeti",2022-12-13,1
