"District","Ward","Village","Vaccination.Date","Dogs.Vaccinated","Cats.Vaccinated"
"Serengeti","Nyansurura","Merenga",2003-06-22,129,0
"Serengeti","Sedeco","Bisarara",2003-07-15,147,0
"Serengeti","Sedeco","Bonchugu",2003-07-15,188,0
"Serengeti","Uwanja wa Ndege","Burunga",2003-07-15,159,0
"Serengeti","Manchira","Bwitengi",2003-07-15,67,0
"Serengeti","Issenye","Iharara",2003-07-15,37,0
"Serengeti","Kisangura","Kebosongo",2003-07-15,96,0
"Serengeti","Kisangura","Kibeyo",2003-07-15,90,0
"Serengeti","Kisangura","Kisangura",2003-07-15,125,0
"Serengeti","Rigicha","Kitembere",2003-07-15,126,0
"Serengeti","Geitasamo","Matare",2003-07-15,172,0
"Serengeti","Natta","Makundusi",2003-08-14,20,0
"Serengeti","Natta","Kono",2003-08-15,84,0
"Serengeti","Mbalibali","Koreri",2003-08-15,83,0
"Serengeti","Kyambahi","Kyambahi",2003-08-15,93,0
"Serengeti","Machochwe","Machochwe",2003-08-15,242,0
"Serengeti","Nyansurura","Marasomoche",2003-08-15,166,0
"Serengeti","Mbalibali","Mbalibali",2003-08-15,271,0
"Serengeti","Natta","Mbisso",2003-08-15,54,0
"Serengeti","Manchira","Misseke",2003-08-15,31,0
"Serengeti","Morotonga","Morotonga",2003-08-15,223,0
"Serengeti","Mosongo","Mosongo",2003-08-15,132,0
"Serengeti","Natta","Motukeri",2003-08-15,76,0
"Serengeti","Mugumu","Mugumu",2003-08-15,528,0
"Serengeti","Machochwe","Nyamakendo",2003-08-15,64,0
"Serengeti","Issenye","Nyamasingisi",2003-08-15,96,0
"Serengeti","Sedeco","Nyamburi",2003-08-15,128,0
"Serengeti","Nyansurura","Nyansurura",2003-08-15,133,0
"Serengeti","Issenye","Nyiberekera",2003-08-15,157,0
"Serengeti","Kyambahi","Nyichoka",2003-08-15,122,0
"Serengeti","Ikoma","Park Nyigoti",2003-08-15,53,0
"Serengeti","Ikoma","Robanda",2003-08-15,3,0
"Serengeti","Manchira","Rwamchanga",2003-08-15,79,0
"Serengeti","Issenye","Singisi",2003-08-15,25,0
"Serengeti","Kisaka","Borenga",2004-06-07,221,0
"Serengeti","Issenye","Iharara",2004-06-07,79,0
"Serengeti","Issenye","Nyamasingisi",2004-06-07,99,0
"Serengeti","Issenye","Nyiberekera",2004-06-07,140,0
"Serengeti","Kisaka","Nyiboko",2004-06-07,105,0
"Serengeti","Issenye","Singisi",2004-06-07,90,0
"Serengeti","Kisaka","Buchanchari",2004-06-08,265,0
"Serengeti","Natta","Makundusi",2004-06-08,90,0
"Serengeti","Natta","Mbisso",2004-06-08,144,0
"Serengeti","Natta","Motukeri",2004-06-08,131,3
"Serengeti","Kisaka","Nyansurumunti",2004-06-08,184,0
"Serengeti","Uwanja wa Ndege","Burunga",2004-06-09,254,0
"Serengeti","Busawe","Busawe",2004-06-09,194,0
"Serengeti","Busawe","Gantamome",2004-06-09,189,0
"Serengeti","Mosongo","Mosongo",2004-06-09,255,0
"Serengeti","Kyambahi","Nyichoka",2004-06-09,169,0
"Serengeti","Manchira","Bwitengi",2004-06-10,97,0
"Serengeti","Majimoto","Iseresere",2004-06-10,107,0
"Serengeti","Majimoto","Nyamakobiti",2004-06-10,276,0
"Serengeti","Ikoma","Park Nyigoti",2004-06-10,76,0
"Serengeti","Ikoma","Robanda",2004-06-10,18,0
"Serengeti","Kenyamonta","Magatini",2004-06-11,216,0
"Serengeti","Majimoto","Majimoto",2004-06-11,245,0
"Serengeti","Manchira","Misseke",2004-06-11,111,1
"Serengeti","Manchira","Rwamchanga",2004-06-11,76,0
"Serengeti","Kisangura","Kebosongo",2004-06-14,151,0
"Serengeti","Kenyamonta","Mesaga",2004-06-14,193,0
"Serengeti","Morotonga","Morotonga",2004-06-14,280,0
"Serengeti","Kenyamonta","Nyagasense",2004-06-14,373,0
"Serengeti","Kenyamonta","Kenyamonta",2004-06-15,281,0
"Serengeti","Kisangura","Kibeyo",2004-06-15,145,0
"Serengeti","Magange","Remung'orori",2004-06-15,346,0
"Serengeti","Sedeco","Bonchugu",2004-06-16,208,0
"Serengeti","Kisangura","Kisangura",2004-06-16,215,0
"Serengeti","Magange","Magange",2004-06-16,277,0
"Serengeti","Magange","Masinki",2004-06-16,369,0
"Serengeti","Nyamatare","Kemgesi",2004-06-17,248,0
"Serengeti","Mbalibali","Kitunguruma",2004-06-17,293,1
"Serengeti","Machochwe","Nyamakendo",2004-06-17,255,0
"Serengeti","Ring'wani","Ring'wani",2004-06-17,223,0
"Serengeti","Mbalibali","Koreri",2004-06-18,110,1
"Serengeti","Kyambahi","Kyambahi",2004-06-18,84,0
"Serengeti","Nyambureti","Maburi",2004-06-18,311,0
"Serengeti","Nyambureti","Monuna",2004-06-18,134,0
"Serengeti","Sedeco","Bisarara",2004-06-21,162,0
"Serengeti","Nyambureti","Gusuhi",2004-06-21,198,0
"Serengeti","Nyambureti","Nyambureti",2004-06-21,134,0
"Serengeti","Sedeco","Nyamburi",2004-06-21,265,0
"Serengeti","Machochwe","Machochwe",2004-06-22,287,0
"Serengeti","Nyansurura","Merenga",2004-06-22,240,0
"Serengeti","Nyamatare","Nyamatare",2004-06-22,55,0
"Serengeti","Mosongo","Nyamatoke",2004-06-22,155,0
"Serengeti","Nyansurura","Marasomoche",2004-06-23,232,0
"Serengeti","Nyansurura","Nyansurura",2004-06-23,198,0
"Serengeti","Ring'wani","Kenyana",2004-06-24,75,0
"Serengeti","Mugumu","Mugumu",2004-06-24,503,0
"Serengeti","Kebanchebanche","Kebanchebanche",2004-06-25,216,0
"Serengeti","Rigicha","Nyankomogo",2004-06-28,187,0
"Serengeti","Rigicha","Rigicha",2004-06-28,172,0
"Serengeti","Rigicha","Kitembere",2004-06-29,140,0
"Serengeti","Natta","Kono",2004-06-29,98,0
"Serengeti","Rigicha","Wagete",2004-06-29,178,0
"Serengeti","Rung'abure","Gesarya",2004-06-30,240,0
"Serengeti","Rung'abure","Rung'abure",2004-06-30,315,0
"Serengeti","Rung'abure","Nyamerama",2004-07-01,162,0
"Serengeti","Nyamoko","Masangura",2004-07-02,179,0
"Serengeti","Kebanchebanche","Musati",2004-07-02,408,0
"Serengeti","Issenye","Iharara",2005-08-08,149,18
"Serengeti","Issenye","Nyamasingisi",2005-08-08,202,29
"Serengeti","Issenye","Nyiberekera",2005-08-09,229,5
"Serengeti","Issenye","Singisi",2005-08-09,154,4
"Serengeti","Rigicha","Kitembere",2005-08-10,184,0
"Serengeti","Natta","Kono",2005-08-10,107,8
"Serengeti","Natta","Mbisso",2005-08-11,135,16
"Serengeti","Natta","Motukeri",2005-08-11,148,0
"Serengeti","Nyansurura","Merenga",2005-08-12,267,3
"Serengeti","Machochwe","Nyamakendo",2005-08-15,224,2
"Serengeti","Mbalibali","Kitunguruma",2005-08-16,88,10
"Serengeti","Mbalibali","Mbalibali",2005-08-16,140,6
"Serengeti","Kisangura","Kibeyo",2005-08-17,231,21
"Serengeti","Mbalibali","Koreri",2005-08-17,160,0
"Serengeti","Sedeco","Bisarara",2005-08-18,172,0
"Serengeti","Sedeco","Nyamburi",2005-08-19,217,1
"Serengeti","Kisangura","Kebosongo",2005-08-22,167,1
"Serengeti","Manchira","Misseke",2005-08-23,217,4
"Serengeti","Manchira","Rwamchanga",2005-08-23,200,0
"Serengeti","Kyambahi","Nyichoka",2005-08-24,150,6
"Serengeti","Manchira","Bwitengi",2005-08-25,177,7
"Serengeti","Kenyamonta","Kenyamonta",2005-08-25,110,0
"Serengeti","Kenyamonta","Magatini",2005-08-25,110,0
"Serengeti","Kenyamonta","Mesaga",2005-08-25,105,0
"Serengeti","Morotonga","Morotonga",2005-08-25,306,16
"Serengeti","Kenyamonta","Nyagasense",2005-08-25,105,0
"Serengeti","Ikoma","Park Nyigoti",2005-08-26,128,0
"Serengeti","Ikoma","Robanda",2005-08-26,48,0
"Serengeti","Machochwe","Machochwe",2005-08-29,365,13
"Serengeti","Natta","Makundusi",2005-08-29,81,1
"Serengeti","Mosongo","Mosongo",2005-08-29,151,1
"Serengeti","Uwanja wa Ndege","Burunga",2005-08-30,282,8
"Serengeti","Kyambahi","Kyambahi",2005-08-30,112,8
"Serengeti","Geitasamo","Kegonga",2005-08-31,86,4
"Serengeti","Geitasamo","Matare",2005-08-31,222,5
"Serengeti","Sedeco","Bonchugu",2005-09-01,364,1
"Serengeti","Kisangura","Kisangura",2005-09-01,251,21
"Serengeti","Nyansurura","Marasomoche",2005-09-01,164,7
"Serengeti","Nyansurura","Nyansurura",2005-09-01,267,5
"Serengeti","Mugumu","Mugumu",2005-09-02,701,29
"Serengeti","Natta","Makundusi",2006-08-04,188,3
"Serengeti","Issenye","Iharara",2006-08-14,214,12
"Serengeti","Issenye","Nyamasingisi",2006-08-14,219,13
"Serengeti","Issenye","Nyiberekera",2006-08-15,283,13
"Serengeti","Issenye","Singisi",2006-08-15,203,12
"Serengeti","Rigicha","Kitembere",2006-08-16,213,15
"Serengeti","Natta","Kono",2006-08-16,117,1
"Serengeti","Sedeco","Nyamburi",2006-08-17,212,4
"Serengeti","Natta","Mbisso",2006-08-18,273,25
"Serengeti","Natta","Motukeri",2006-08-18,186,11
"Serengeti","Nyansurura","Merenga",2006-08-19,271,7
"Serengeti","Machochwe","Nyamakendo",2006-08-21,209,3
"Serengeti","Mbalibali","Kitunguruma",2006-08-22,213,5
"Serengeti","Mbalibali","Mbalibali",2006-08-22,207,0
"Serengeti","Kisangura","Kibeyo",2006-08-23,178,17
"Serengeti","Mbalibali","Koreri",2006-08-23,173,6
"Serengeti","Sedeco","Bisarara",2006-08-24,106,6
"Serengeti","Sedeco","Bonchugu",2006-08-28,275,6
"Serengeti","Kisangura","Kebosongo",2006-08-28,167,13
"Serengeti","Manchira","Misseke",2006-08-29,159,2
"Serengeti","Manchira","Rwamchanga",2006-08-29,165,1
"Serengeti","Manchira","Bwitengi",2006-08-30,178,0
"Serengeti","Morotonga","Morotonga",2006-08-30,291,5
"Serengeti","Ikoma","Park Nyigoti",2006-08-31,105,5
"Serengeti","Ikoma","Robanda",2006-08-31,4,63
"Serengeti","Geitasamo","Kegonga",2006-09-01,81,1
"Serengeti","Geitasamo","Matare",2006-09-01,175,10
"Serengeti","Machochwe","Machochwe",2006-09-04,219,5
"Serengeti","Mosongo","Mosongo",2006-09-04,287,4
"Serengeti","Kyambahi","Nyichoka",2006-09-05,352,16
"Serengeti","Uwanja wa Ndege","Burunga",2006-09-06,257,15
"Serengeti","Kyambahi","Kyambahi",2006-09-06,142,7
"Serengeti","Nyansurura","Marasomoche",2006-09-07,90,3
"Serengeti","Nyansurura","Nyansurura",2006-09-07,242,5
"Serengeti","Kisangura","Kisangura",2006-09-08,141,5
"Serengeti","Mugumu","Mugumu",2006-09-08,638,14
"Serengeti","Issenye","Iharara",2007-06-25,144,9
"Serengeti","Issenye","Nyamasingisi",2007-06-25,214,20
"Serengeti","Rigicha","Nyankomogo",2007-06-25,152,13
"Serengeti","Rigicha","Rigicha",2007-06-25,117,0
"Serengeti","Kisaka","Borenga",2007-06-26,145,2
"Serengeti","Kisaka","Nyiboko",2007-06-26,94,0
"Serengeti","Issenye","Singisi",2007-06-26,218,38
"Serengeti","Kisaka","Buchanchari",2007-06-27,242,2
"Serengeti","Rigicha","Kitembere",2007-06-27,181,3
"Serengeti","Natta","Kono",2007-06-27,77,2
"Serengeti","Kisaka","Nyansurumunti",2007-06-27,126,34
"Serengeti","Issenye","Nyiberekera",2007-06-27,297,50
"Serengeti","Busawe","Busawe",2007-06-28,54,3
"Serengeti","Busawe","Gantamome",2007-06-28,133,5
"Serengeti","Natta","Mbisso",2007-06-28,295,23
"Serengeti","Natta","Motukeri",2007-06-28,242,12
"Serengeti","Majimoto","Iseresere",2007-06-29,96,5
"Serengeti","Natta","Makundusi",2007-06-29,207,12
"Serengeti","Mosongo","Mosongo",2007-06-29,411,12
"Serengeti","Majimoto","Nyamakobiti",2007-06-29,43,0
"Serengeti","Kenyamonta","Magatini",2007-07-02,0,0
"Serengeti","Nyansurura","Merenga",2007-07-02,301,12
"Serengeti","Machochwe","Machochwe",2007-07-03,312,7
"Serengeti","Kenyamonta","Nyagasense",2007-07-03,0,0
"Serengeti","Machochwe","Nyamakendo",2007-07-03,361,15
"Serengeti","Kenyamonta","Kenyamonta",2007-07-04,0,0
"Serengeti","Mbalibali","Kitunguruma",2007-07-04,194,28
"Serengeti","Mbalibali","Mbalibali",2007-07-04,245,21
"Serengeti","Magange","Remung'orori",2007-07-04,0,0
"Serengeti","Nyamoko","Kwitete",2007-07-05,54,0
"Serengeti","Magange","Magange",2007-07-05,176,0
"Serengeti","Magange","Masinki",2007-07-05,66,0
"Serengeti","Uwanja wa Ndege","Ngarawani",2007-07-05,225,0
"Serengeti","Nyambureti","Gusuhi",2007-07-06,8,0
"Serengeti","Nyambureti","Monuna",2007-07-06,126,3
"Serengeti","Nyambureti","Nyambureti",2007-07-06,0,0
"Serengeti","Sedeco","Nyamburi",2007-07-06,179,7
"Serengeti","Kisangura","Kibeyo",2007-07-07,166,13
"Serengeti","Mbalibali","Koreri",2007-07-07,180,13
"Serengeti","Sedeco","Bisarara",2007-07-09,156,14
"Serengeti","Nyamatare","Kemgesi",2007-07-09,34,0
"Serengeti","Kisangura","Kisangura",2007-07-09,112,7
"Serengeti","Nyambureti","Maburi",2007-07-09,54,1
"Serengeti","Nyamatare","Nyamatare",2007-07-09,79,1
"Serengeti","Sedeco","Bonchugu",2007-07-10,258,12
"Serengeti","Kisangura","Kebosongo",2007-07-10,110,3
"Serengeti","Ring'wani","Kenyana",2007-07-10,88,3
"Serengeti","Ring'wani","Nyamitita",2007-07-10,158,0
"Serengeti","Nyamoko","Masangura",2007-07-11,196,0
"Serengeti","Manchira","Misseke",2007-07-11,110,5
"Serengeti","Kebanchebanche","Musati",2007-07-11,289,1
"Serengeti","Manchira","Rwamchanga",2007-07-11,130,1
"Serengeti","Manchira","Bwitengi",2007-07-12,134,2
"Serengeti","Morotonga","Morotonga",2007-07-12,263,7
"Serengeti","Kebanchebanche","Kebanchebanche",2007-07-13,60,0
"Serengeti","Ikoma","Park Nyigoti",2007-07-13,75,2
"Serengeti","Ikoma","Robanda",2007-07-13,87,2
"Serengeti","Rung'abure","Gesarya",2007-07-16,249,7
"Serengeti","Geitasamo","Kegonga",2007-07-16,54,4
"Serengeti","Geitasamo","Matare",2007-07-16,243,31
"Serengeti","Rung'abure","Rung'abure",2007-07-16,304,3
"Serengeti","Nyamoko","Itununu",2007-07-17,188,2
"Serengeti","Rung'abure","Nyamerama",2007-07-17,0,0
"Serengeti","Kyambahi","Nyichoka",2007-07-17,178,8
"Serengeti","Uwanja wa Ndege","Burunga",2007-07-18,263,21
"Serengeti","Kyambahi","Kyambahi",2007-07-18,88,1
"Serengeti","Nyamoko","Nyamoko",2007-07-18,165,10
"Serengeti","Mugumu","Mugumu",2007-07-19,900,65
"Serengeti","Nyansurura","Nyansurura",2007-07-19,279,10
"Serengeti","Nyansurura","Marasomoche",2007-07-20,177,7
"Serengeti","Issenye","Iharara",2008-06-16,199,3
"Serengeti","Uwanja wa Ndege","Ngarawani",2008-06-16,363,0
"Serengeti","Issenye","Nyamasingisi",2008-06-16,236,3
"Serengeti","Rigicha","Nyankomogo",2008-06-16,127,2
"Serengeti","Rigicha","Rigicha",2008-06-16,150,0
"Serengeti","Issenye","Nyiberekera",2008-06-17,250,22
"Serengeti","Issenye","Singisi",2008-06-17,209,10
"Serengeti","Rigicha","Wagete",2008-06-17,113,0
"Serengeti","Kisaka","Borenga",2008-06-18,218,0
"Serengeti","Rigicha","Kitembere",2008-06-18,190,3
"Serengeti","Natta","Kono",2008-06-18,67,1
"Serengeti","Kisaka","Nyiboko",2008-06-18,105,0
"Serengeti","Rung'abure","Rung'abure",2008-06-18,391,15
"Serengeti","Sedeco","Bisarara",2008-06-19,180,4
"Serengeti","Kisaka","Buchanchari",2008-06-19,351,1
"Serengeti","Natta","Mbisso",2008-06-19,261,16
"Serengeti","Natta","Motukeri",2008-06-19,268,9
"Serengeti","Sedeco","Nyamburi",2008-06-19,281,12
"Serengeti","Kisaka","Nyansurumunti",2008-06-19,81,2
"Serengeti","Busawe","Busawe",2008-06-20,83,0
"Serengeti","Busawe","Gantamome",2008-06-20,83,0
"Serengeti","Natta","Makundusi",2008-06-20,148,1
"Serengeti","Mosongo","Mosongo",2008-06-20,215,0
"Serengeti","Majimoto","Iseresere",2008-06-23,88,0
"Serengeti","Nyamatare","Kemgesi",2008-06-23,130,1
"Serengeti","Nyansurura","Merenga",2008-06-23,217,1
"Serengeti","Majimoto","Nyamakobiti",2008-06-23,40,0
"Serengeti","Machochwe","Machochwe",2008-06-24,228,2
"Serengeti","Kenyamonta","Magatini",2008-06-24,147,1
"Serengeti","Majimoto","Majimoto",2008-06-24,150,0
"Serengeti","Machochwe","Nyamakendo",2008-06-24,243,1
"Serengeti","Nyamatare","Nyamatare",2008-06-24,473,0
"Serengeti","Nyambureti","Gusuhi",2008-06-25,186,1
"Serengeti","Mbalibali","Kitunguruma",2008-06-25,96,3
"Serengeti","Mbalibali","Mbalibali",2008-06-25,214,2
"Serengeti","Kenyamonta","Mesaga",2008-06-25,125,0
"Serengeti","Kenyamonta","Nyagasense",2008-06-25,244,4
"Serengeti","Nyambureti","Nyambureti",2008-06-25,175,7
"Serengeti","Kenyamonta","Kenyamonta",2008-06-26,147,0
"Serengeti","Kisangura","Kibeyo",2008-06-26,172,5
"Serengeti","Mbalibali","Koreri",2008-06-26,209,6
"Serengeti","Magange","Remung'orori",2008-06-26,126,0
"Serengeti","Ring'wani","Ring'wani",2008-06-26,174,1
"Serengeti","Kisangura","Kisangura",2008-06-27,162,1
"Serengeti","Magange","Magange",2008-06-27,149,0
"Serengeti","Mosongo","Nyamatoke",2008-06-27,239,1
"Serengeti","Magange","Masinki",2008-06-28,447,0
"Serengeti","Nyambureti","Maburi",2008-06-29,327,8
"Serengeti","Sedeco","Bonchugu",2008-06-30,307,4
"Serengeti","Kisangura","Kebosongo",2008-06-30,111,3
"Serengeti","Manchira","Misseke",2008-07-01,158,0
"Serengeti","Nyambureti","Monuna",2008-07-01,149,1
"Serengeti","Manchira","Rwamchanga",2008-07-01,193,0
"Serengeti","Manchira","Bwitengi",2008-07-02,156,4
"Serengeti","Morotonga","Morotonga",2008-07-02,361,10
"Serengeti","Ring'wani","Kenyana",2008-07-03,53,1
"Serengeti","Ring'wani","Nyamitita",2008-07-03,14,0
"Serengeti","Ikoma","Park Nyigoti",2008-07-03,102,0
"Serengeti","Ikoma","Robanda",2008-07-03,96,0
"Serengeti","Kebanchebanche","Kebanchebanche",2008-07-04,59,0
"Serengeti","Kebanchebanche","Musati",2008-07-04,207,2
"Serengeti","Kyambahi","Nyichoka",2008-07-04,215,3
"Serengeti","Nyamoko","Masangura",2008-07-07,63,0
"Serengeti","Uwanja wa Ndege","Burunga",2008-07-08,230,7
"Serengeti","Rung'abure","Gesarya",2008-07-08,111,0
"Serengeti","Kyambahi","Kyambahi",2008-07-08,124,3
"Serengeti","Rung'abure","Nyamerama",2008-07-08,101,0
"Serengeti","Geitasamo","Kegonga",2008-07-09,98,3
"Serengeti","Geitasamo","Matare",2008-07-09,232,5
"Serengeti","Nyamoko","Nyamoko",2008-07-09,156,1
"Serengeti","Nyansurura","Marasomoche",2008-07-10,173,3
"Serengeti","Nyansurura","Nyansurura",2008-07-10,161,1
"Serengeti","Mugumu","Mugumu",2008-07-16,909,41
"Serengeti","Uwanja wa Ndege","Ngarawani",2009-06-17,489,7
"Serengeti","Machochwe","Nyamakendo",2009-07-02,183,2
"Serengeti","Rigicha","Kitembere",2009-07-13,211,7
"Serengeti","Natta","Kono",2009-07-13,83,4
"Serengeti","Rigicha","Nyankomogo",2009-07-13,135,2
"Serengeti","Issenye","Iharara",2009-07-14,223,7
"Serengeti","Issenye","Nyamasingisi",2009-07-14,221,11
"Serengeti","Rigicha","Wagete",2009-07-14,104,1
"Serengeti","Kisaka","Borenga",2009-07-15,235,1
"Serengeti","Kisaka","Nyiboko",2009-07-15,122,0
"Serengeti","Rigicha","Rigicha",2009-07-15,141,2
"Serengeti","Issenye","Singisi",2009-07-15,269,9
"Serengeti","Kisaka","Buchanchari",2009-07-16,243,0
"Serengeti","Natta","Mbisso",2009-07-16,226,9
"Serengeti","Kisaka","Nyansurumunti",2009-07-16,127,1
"Serengeti","Issenye","Nyiberekera",2009-07-16,292,25
"Serengeti","Busawe","Busawe",2009-07-17,101,2
"Serengeti","Busawe","Gantamome",2009-07-17,156,0
"Serengeti","Natta","Makundusi",2009-07-17,272,6
"Serengeti","Mosongo","Mosongo",2009-07-17,501,0
"Serengeti","Natta","Motukeri",2009-07-17,247,1
"Serengeti","Majimoto","Iseresere",2009-07-20,40,0
"Serengeti","Nyansurura","Merenga",2009-07-20,290,1
"Serengeti","Majimoto","Nyamakobiti",2009-07-20,38,0
"Serengeti","Machochwe","Machochwe",2009-07-21,193,2
"Serengeti","Kenyamonta","Magatini",2009-07-21,232,0
"Serengeti","Majimoto","Majimoto",2009-07-21,178,0
"Serengeti","Mbalibali","Kitunguruma",2009-07-22,114,0
"Serengeti","Mbalibali","Mbalibali",2009-07-22,202,9
"Serengeti","Kenyamonta","Mesaga",2009-07-22,143,0
"Serengeti","Kenyamonta","Nyagasense",2009-07-22,265,3
"Serengeti","Kenyamonta","Kenyamonta",2009-07-24,76,0
"Serengeti","Magange","Masinki",2009-07-24,148,0
"Serengeti","Sedeco","Nyamburi",2009-07-24,274,12
"Serengeti","Magange","Remung'orori",2009-07-25,152,0
"Serengeti","Sedeco","Bonchugu",2009-07-27,370,6
"Serengeti","Kisangura","Kebosongo",2009-07-27,246,9
"Serengeti","Nyamatare","Kemgesi",2009-07-27,129,3
"Serengeti","Magange","Magange",2009-07-27,137,0
"Serengeti","Manchira","Misseke",2009-07-28,114,1
"Serengeti","Ring'wani","Ring'wani",2009-07-28,149,0
"Serengeti","Manchira","Rwamchanga",2009-07-28,259,1
"Serengeti","Manchira","Bwitengi",2009-07-29,116,6
"Serengeti","Morotonga","Morotonga",2009-07-29,324,6
"Serengeti","Ring'wani","Kenyana",2009-07-30,76,0
"Serengeti","Nyambureti","Maburi",2009-07-30,202,3
"Serengeti","Mosongo","Nyamatoke",2009-07-30,138,0
"Serengeti","Ikoma","Park Nyigoti",2009-07-30,92,0
"Serengeti","Ikoma","Robanda",2009-07-30,104,2
"Serengeti","Kebanchebanche","Kebanchebanche",2009-07-31,21,1
"Serengeti","Geitasamo","Kegonga",2009-07-31,68,4
"Serengeti","Geitasamo","Matare",2009-07-31,203,11
"Serengeti","Kyambahi","Nyichoka",2009-07-31,261,11
"Serengeti","Sedeco","Bisarara",2009-08-03,171,4
"Serengeti","Mbalibali","Koreri",2009-08-03,187,6
"Serengeti","Kebanchebanche","Musati",2009-08-03,229,0
"Serengeti","Nyamatare","Nyamatare",2009-08-03,12,0
"Serengeti","Rung'abure","Gesarya",2009-08-04,157,0
"Serengeti","Nyamoko","Masangura",2009-08-04,124,0
"Serengeti","Uwanja wa Ndege","Burunga",2009-08-05,297,3
"Serengeti","Nyamoko","Itununu",2009-08-05,228,6
"Serengeti","Kyambahi","Kyambahi",2009-08-05,129,0
"Serengeti","Rung'abure","Rung'abure",2009-08-05,237,4
"Serengeti","Nyansurura","Marasomoche",2009-08-06,132,0
"Serengeti","Rung'abure","Nyamerama",2009-08-06,202,2
"Serengeti","Nyansurura","Nyansurura",2009-08-06,195,1
"Serengeti","Mugumu","Mugumu",2009-08-07,1127,48
"Serengeti","Nyamoko","Nyamoko",2009-08-07,122,5
"Serengeti","Kisangura","Kibeyo",2009-08-08,190,5
"Serengeti","Kisangura","Kisangura",2009-08-08,175,5
"Serengeti","Nyambureti","Gusuhi",2009-08-30,71,2
"Serengeti","Ring'wani","Nyamitita",2009-09-01,178,11
"Serengeti","Rigicha","Kitembere",2010-06-29,236,9
"Serengeti","Natta","Kono",2010-06-29,94,3
"Serengeti","Issenye","Iharara",2010-06-30,238,5
"Serengeti","Issenye","Nyamasingisi",2010-06-30,234,11
"Serengeti","Issenye","Nyiberekera",2010-07-01,338,33
"Serengeti","Issenye","Singisi",2010-07-01,245,11
"Serengeti","Natta","Kono",2010-07-02,262,15
"Serengeti","Natta","Motukeri",2010-07-02,189,2
"Serengeti","Natta","Makundusi",2010-07-03,259,0
"Serengeti","Kyambahi","Nyichoka",2010-07-05,399,4
"Serengeti","Uwanja wa Ndege","Burunga",2010-07-07,309,10
"Serengeti","Kyambahi","Kyambahi",2010-07-07,147,5
"Serengeti","Mosongo","Mosongo",2010-07-07,495,4
"Serengeti","Manchira","Bwitengi",2010-07-08,161,4
"Serengeti","Morotonga","Morotonga",2010-07-08,362,5
"Serengeti","Ikoma","Park Nyigoti",2010-07-09,147,0
"Serengeti","Ikoma","Robanda",2010-07-09,119,2
"Serengeti","Nyansurura","Marasomoche",2010-07-12,144,1
"Serengeti","Nyansurura","Nyansurura",2010-07-12,155,3
"Serengeti","Geitasamo","Kegonga",2010-07-13,88,0
"Serengeti","Geitasamo","Matare",2010-07-13,206,8
"Serengeti","Nyansurura","Merenga",2010-07-15,284,2
"Serengeti","Machochwe","Machochwe",2010-07-16,226,9
"Serengeti","Machochwe","Nyamakendo",2010-07-16,203,4
"Serengeti","Mbalibali","Kitunguruma",2010-07-19,187,3
"Serengeti","Mbalibali","Mbalibali",2010-07-19,276,3
"Serengeti","Sedeco","Bisarara",2010-07-20,148,3
"Serengeti","Mbalibali","Koreri",2010-07-20,231,4
"Serengeti","Kisangura","Kibeyo",2010-07-23,187,11
"Serengeti","Kisangura","Kisangura",2010-07-23,168,6
"Serengeti","Sedeco","Bonchugu",2010-07-26,319,2
"Serengeti","Kisangura","Kebosongo",2010-07-26,197,5
"Serengeti","Manchira","Misseke",2010-07-27,127,3
"Serengeti","Manchira","Rwamchanga",2010-07-27,255,0
"Serengeti","Mugumu","Mugumu",2010-07-28,984,44
"Serengeti","Sedeco","Nyamburi",2010-07-28,441,16
"Serengeti","Majimoto","Iseresere",2010-10-09,216,0
"Serengeti","Majimoto","Nyamakobiti",2010-10-11,189,0
"Serengeti","Kisaka","Nyiboko",2010-12-07,40,0
"Serengeti","Kisaka","Borenga",2010-12-10,145,0
"Serengeti","Kisaka","Buchanchari",2010-12-10,266,0
"Serengeti","Busawe","Busawe",2010-12-10,96,0
"Serengeti","Busawe","Gantamome",2010-12-10,340,0
"Serengeti","Majimoto","Majimoto",2010-12-10,96,0
"Serengeti","Kenyamonta","Mesaga",2010-12-10,198,0
"Serengeti","Majimoto","Nyamakobiti",2010-12-10,680,0
"Serengeti","Ring'wani","Nyamitita",2010-12-10,30,2
"Serengeti","Kisaka","Nyansurumunti",2010-12-10,25,0
"Serengeti","Kisaka","Nyiboko",2010-12-10,75,0
"Serengeti","Busawe","Gantamome",2010-12-16,141,0
"Serengeti","Kisaka","Nyansurumunti",2010-12-23,24,0
"Serengeti","Kisaka","Borenga",2011-01-03,135,0
"Serengeti","Kisaka","Buchanchari",2011-01-05,180,0
"Serengeti","Busawe","Busawe",2011-01-06,12,0
"Serengeti","Rung'abure","Rung'abure",2011-05-11,7,0
"Serengeti","Nyamoko","Itununu",2011-05-22,19,1
"Serengeti","Manchira","Rwamchanga",2011-06-09,16,0
"Serengeti","Issenye","Iharara",2011-06-12,227,5
"Serengeti","Issenye","Nyamasingisi",2011-06-12,264,20
"Serengeti","Uwanja wa Ndege","Burunga",2011-06-13,338,7
"Serengeti","Kyambahi","Kyambahi",2011-06-13,168,3
"Serengeti","Rigicha","Kitembere",2011-06-14,87,0
"Serengeti","Natta","Kono",2011-06-14,134,0
"Serengeti","Natta","Makundusi",2011-06-14,437,0
"Serengeti","Natta","Motukeri",2011-06-15,227,3
"Serengeti","Issenye","Singisi",2011-06-15,269,7
"Serengeti","Natta","Kono",2011-06-17,366,11
"Serengeti","Manchira","Bwitengi",2011-06-19,186,0
"Serengeti","Kyambahi","Nyichoka",2011-06-19,321,1
"Serengeti","Mosongo","Mosongo",2011-06-21,459,1
"Serengeti","Nyansurura","Merenga",2011-06-22,199,2
"Serengeti","Machochwe","Machochwe",2011-06-24,209,0
"Serengeti","Mbalibali","Kitunguruma",2011-06-26,120,3
"Serengeti","Mbalibali","Mbalibali",2011-06-26,299,5
"Serengeti","Sedeco","Bisarara",2011-06-27,191,1
"Serengeti","Kisangura","Kisangura",2011-06-28,188,0
"Serengeti","Mbalibali","Koreri",2011-06-28,240,0
"Serengeti","Sedeco","Nyamburi",2011-07-01,263,4
"Serengeti","Kisangura","Kebosongo",2011-07-03,218,4
"Serengeti","Manchira","Misseke",2011-07-03,154,2
"Serengeti","Ikoma","Park Nyigoti",2011-07-04,171,0
"Serengeti","Ikoma","Robanda",2011-07-04,144,1
"Serengeti","Sedeco","Bonchugu",2011-07-05,282,8
"Serengeti","Nyansurura","Nyansurura",2011-07-06,222,0
"Serengeti","Mugumu","Mugumu",2011-07-07,1043,33
"Serengeti","Issenye","Nyiberekera",2011-08-09,340,20
"Serengeti","Kyambahi","Nyichoka",2011-10-23,36,0
"Serengeti","Sedeco","Bonchugu",2011-10-25,17,0
"Serengeti","Nyamoko","Kwitete",2011-10-27,40,2
"Serengeti","Ring'wani","Kenyana",2011-11-16,23,0
"Serengeti","Nyamoko","Itununu",2012-01-15,285,9
"Serengeti","Nyamoko","Masangura",2012-01-15,172,6
"Serengeti","Ring'wani","Ring'wani",2012-01-17,221,12
"Serengeti","Ring'wani","Kenyana",2012-05-23,84,0
"Serengeti","Issenye","Nyamasingisi",2012-05-29,160,6
"Serengeti","Issenye","Singisi",2012-05-29,187,10
"Serengeti","Issenye","Nyiberekera",2012-05-30,301,12
"Serengeti","Rigicha","Kitembere",2012-05-31,199,2
"Serengeti","Natta","Kono",2012-05-31,82,2
"Serengeti","Natta","Makundusi",2012-05-31,245,6
"Serengeti","Natta","Mbisso",2012-05-31,260,14
"Serengeti","Natta","Motukeri",2012-06-01,168,1
"Serengeti","Kyambahi","Nyichoka",2012-06-05,482,10
"Serengeti","Mosongo","Kenokwe",2012-06-06,283,0
"Serengeti","Mosongo","Mosongo",2012-06-06,331,0
"Serengeti","Uwanja wa Ndege","Burunga",2012-06-07,214,2
"Serengeti","Uwanja wa Ndege","Kyambahi",2012-06-07,118,6
"Serengeti","Sedeco","Nyamburi",2012-06-08,259,3
"Serengeti","Nyansurura","Merenga",2012-06-09,207,0
"Serengeti","Manchira","Bwitengi",2012-06-12,179,0
"Serengeti","Morotonga","Morotonga",2012-06-12,275,3
"Serengeti","Ikoma","Park Nyigoti",2012-06-13,146,1
"Serengeti","Ikoma","Robanda",2012-06-13,88,0
"Serengeti","Sedeco","Bonchugu",2012-06-14,250,4
"Serengeti","Kisangura","Kebosongo",2012-06-14,122,2
"Serengeti","Mbalibali","Koreri",2012-06-14,218,4
"Serengeti","Manchira","Misseke",2012-06-15,149,1
"Serengeti","Manchira","Rwamchanga",2012-06-15,201,0
"Serengeti","Kisangura","Kibeyo",2012-06-16,121,4
"Serengeti","Kisangura","Kisangura",2012-06-16,137,3
"Serengeti","Geitasamo","Kegonga",2012-06-19,92,6
"Serengeti","Geitasamo","Matare",2012-06-19,202,7
"Serengeti","Nyansurura","Marasomoche",2012-06-20,159,3
"Serengeti","Nyansurura","Nyansurura",2012-06-20,127,0
"Serengeti","Machochwe","Machochwe",2012-06-21,235,2
"Serengeti","Machochwe","Nyamakendo",2012-06-21,230,2
"Serengeti","Mbalibali","Kitunguruma",2012-06-22,150,4
"Serengeti","Kisangura","Kisangura",2012-06-26,30,7
"Serengeti","Sedeco","Mbirikiri",2012-06-26,90,0
"Serengeti","Mugumu","Mugumu",2012-06-26,1053,37
"Serengeti","Sedeco","Bisarara",2012-07-10,189,6
"Serengeti","Mbalibali","Mbalibali",2012-07-11,237,4
"Serengeti","Nyambureti","Gusuhi",2012-07-13,278,1
"Serengeti","Kenyamonta","Hekwe",2012-07-13,218,0
"Serengeti","Issenye","Iharara",2012-07-13,179,2
"Serengeti","Kenyamonta","Magatini",2012-07-13,79,0
"Serengeti","Majimoto","Iseresere",2012-07-14,385,9
"Serengeti","Ikoma","Park Nyigoti",2012-08-22,52,0
"Serengeti","Nyambureti","Monuna",2012-09-22,17,0
"Serengeti","Mosongo","Mosongo",2012-09-22,44,0
"Serengeti","Majimoto","Majimoto",2012-10-25,285,10
"Serengeti","Kenyamonta","Mesaga",2012-10-25,265,15
"Serengeti","Kenyamonta","Nyagasense",2012-10-25,393,16
"Serengeti","Kenyamonta","Kenyamonta",2012-10-26,343,4
"Serengeti","Magange","Magange",2012-10-26,74,11
"Serengeti","Magange","Masinki",2012-10-26,323,13
"Serengeti","Nyamatare","Kemgesi",2012-10-27,404,18
"Serengeti","Nyambureti","Maburi",2012-10-27,173,3
"Serengeti","Kenyamonta","Nyagasense",2012-11-22,11,0
"Serengeti","Majimoto","Nyamakobiti",2012-11-23,19,0
"Serengeti","Ring'wani","Kenyana",2012-12-05,52,0
"Serengeti","Kisangura","Kebosongo",2013-01-04,208,13
"Serengeti","Kisangura","Kebosongo",2013-01-17,245,4
"Serengeti","Geitasamo","Kegonga",2013-01-19,115,7
"Serengeti","Geitasamo","Kegonga",2013-01-20,10,2
"Serengeti","Nyamatare","Kemgesi",2013-01-21,269,7
"Serengeti","Mosongo","Kenokwe",2013-01-22,221,0
"Serengeti","Ring'wani","Kenyana",2013-01-23,56,1
"Serengeti","Nyambureti","Kerukerege",2013-01-24,56,3
"Serengeti","Kisangura","Kibeyo",2013-01-25,181,2
"Serengeti","Kisangura","Kisangura",2013-01-26,194,6
"Serengeti","Rigicha","Kitembere",2013-01-27,264,7
"Serengeti","Mbalibali","Mbalibali",2013-01-28,108,5
"Serengeti","Mbalibali","Kitunguruma",2013-01-29,103,2
"Serengeti","Natta","Kono",2013-01-30,112,2
"Serengeti","Mbalibali","Koreri",2013-01-31,168,2
"Serengeti","Uwanja wa Ndege","Kyambahi",2013-02-01,171,4
"Serengeti","Machochwe","Machochwe",2013-02-02,97,0
"Serengeti","Nyambureti","Maburi",2013-02-03,480,9
"Serengeti","Machochwe","Machochwe",2013-02-04,151,3
"Serengeti","Magange","Magange",2013-02-05,241,0
"Serengeti","Majimoto","Majimoto",2013-02-06,286,1
"Serengeti","Machochwe","Manyata",2013-02-08,102,1
"Serengeti","Nyansurura","Marasomoche",2013-02-09,157,0
"Serengeti","Nyamoko","Masangura",2013-02-10,169,9
"Serengeti","Nyansurura","Nyansurura",2013-02-11,109,3
"Serengeti","Geitasamo","Matare",2013-02-12,356,22
"Serengeti","Mbalibali","Mbalibali",2013-02-13,534,11
"Serengeti","Sedeco","Mbirikiri",2013-02-14,120,1
"Serengeti","Nyansurura","Merenga",2013-02-16,192,0
"Serengeti","Manchira","Misseke",2013-02-17,103,0
"Serengeti","Morotonga","Morotonga",2013-02-18,360,6
"Serengeti","Mosongo","Mosongo",2013-02-19,341,0
"Serengeti","Natta","Motukeri",2013-02-20,188,2
"Serengeti","Mugumu","Mugumu",2013-02-21,1452,58
"Serengeti","Sedeco","Bonchugu",2013-02-22,18,0
"Serengeti","Kenyamonta","Nyagasense",2013-02-22,145,0
"Serengeti","Machochwe","Nyamakendo",2013-02-24,233,5
"Serengeti","Machochwe","Nyamakendo",2013-02-25,36,1
"Serengeti","Machochwe","Nyamakendo",2013-02-26,16,0
"Serengeti","Majimoto","Nyamakobiti",2013-02-27,145,0
"Serengeti","Issenye","Nyamasingisi",2013-02-28,213,7
"Serengeti","Nyamatare","Nyamatare",2013-03-01,92,8
"Serengeti","Mosongo","Nyamatoke",2013-03-02,127,0
"Serengeti","Sedeco","Nyamburi",2013-03-03,191,3
"Serengeti","Rung'abure","Nyamerama",2013-03-04,157,7
"Serengeti","Ring'wani","Nyamitita",2013-03-05,234,5
"Serengeti","Geitasamo","Nyamoko",2013-03-06,171,20
"Serengeti","Rigicha","Nyankomogo",2013-03-07,52,3
"Serengeti","Nyansurura","Nyansurura",2013-03-08,106,0
"Serengeti","Issenye","Nyiberekera",2013-03-09,391,34
"Serengeti","Kisaka","Nyiboko",2013-03-10,339,0
"Serengeti","Kyambahi","Nyichoka",2013-03-11,392,10
"Serengeti","Ikoma","Park Nyigoti",2013-03-13,183,1
"Serengeti","Magange","Remung'orori",2013-03-14,213,0
"Serengeti","Rigicha","Rigicha",2013-03-15,150,4
"Serengeti","Ring'wani","Ring'wani",2013-03-16,217,22
"Serengeti","Ikoma","Robanda",2013-03-17,67,0
"Serengeti","Manchira","Rwamchanga",2013-03-18,4,0
"Serengeti","Manchira","Rwamchanga",2013-03-19,139,0
"Serengeti","Issenye","Singisi",2013-03-20,226,15
"Serengeti","Kyambahi","Nyichoka",2013-03-21,158,1
"Serengeti","Kisangura","Kisangura",2013-03-22,98,0
"Serengeti","Mbalibali","Tamkeri",2013-03-23,182,7
"Serengeti","Busawe","Gantamome",2013-05-30,236,0
"Serengeti","Kisaka","Buchanchari",2013-06-01,366,0
"Serengeti","Nyambureti","Gusuhi",2013-06-06,163,2
"Serengeti","Issenye","Iharara",2013-06-07,188,3
"Serengeti","Nyamoko","Itununu",2013-06-07,533,18
"Serengeti","Natta","Mbisso",2013-06-11,299,15
"Serengeti","Natta","Makundusi",2013-06-12,83,1
"Serengeti","Natta","Makundusi",2013-06-14,266,5
"Serengeti","Uwanja wa Ndege","Burunga",2013-06-18,276,13
"Serengeti","Sedeco","Bisarara",2013-06-29,397,11
"Serengeti","Sedeco","Bonchugu",2013-07-04,288,4
"Serengeti","Manchira","Bwitengi",2013-07-05,222,0
"Serengeti","Sedeco","Bonchugu",2013-07-24,20,0
"Serengeti","Nyambureti","Gusuhi",2013-10-27,278,1
"Serengeti","Uwanja wa Ndege","Burunga",2014-05-15,207,4
"Serengeti","Uwanja wa Ndege","Kyambahi",2014-05-15,122,2
"Serengeti","Kyambahi","Nyichoka",2014-05-16,400,8
"Serengeti","Issenye","Iharara",2014-05-19,191,1
"Serengeti","Issenye","Nyamasingisi",2014-05-19,222,2
"Serengeti","Rigicha","Kitembere",2014-05-20,185,0
"Serengeti","Natta","Kono",2014-05-20,125,1
"Serengeti","Kisangura","Kibeyo",2014-05-21,186,1
"Serengeti","Kisangura","Kisangura",2014-05-21,181,0
"Serengeti","Manchira","Misseke",2014-05-22,123,0
"Serengeti","Manchira","Rwamchanga",2014-05-22,218,0
"Serengeti","Sedeco","Bonchugu",2014-05-23,290,2
"Serengeti","Kisangura","Kebosongo",2014-05-23,235,5
"Serengeti","Nyansurura","Merenga",2014-05-26,107,0
"Serengeti","Machochwe","Machochwe",2014-05-27,306,2
"Serengeti","Kenyamonta","Kenyamonta",2014-05-28,281,0
"Serengeti","Ikoma","Park Nyigoti",2014-05-28,121,0
"Serengeti","Ikoma","Robanda",2014-05-28,90,0
"Serengeti","Manchira","Bwitengi",2014-05-29,120,0
"Serengeti","Morotonga","Morotonga",2014-05-29,279,0
"Serengeti","Sedeco","Nyamburi",2014-05-30,257,5
"Serengeti","Issenye","Nyiberekera",2014-06-02,329,15
"Serengeti","Issenye","Singisi",2014-06-02,192,10
"Serengeti","Natta","Mbisso",2014-06-03,292,10
"Serengeti","Natta","Motukeri",2014-06-03,215,0
"Serengeti","Natta","Makundusi",2014-06-04,322,1
"Serengeti","Natta","Makundusi",2014-06-05,236,0
"Serengeti","Kyambahi","Nyichoka",2014-06-05,124,0
"Serengeti","Mosongo","Kenokwe",2014-06-06,227,2
"Serengeti","Mosongo","Mosongo",2014-06-06,288,1
"Serengeti","Mosongo","Kenokwe",2014-06-09,147,2
"Serengeti","Machochwe","Nyamakendo",2014-06-09,292,4
"Serengeti","Mbalibali","Koreri",2014-06-10,191,1
"Serengeti","Mbalibali","Mbalibali",2014-06-10,220,7
"Serengeti","Mbalibali","Kitunguruma",2014-06-11,175,5
"Serengeti","Mbalibali","Koreri",2014-06-11,177,4
"Serengeti","Geitasamo","Kegonga",2014-06-12,105,0
"Serengeti","Geitasamo","Matare",2014-06-12,273,6
"Serengeti","Sedeco","Bisarara",2014-06-13,310,7
"Serengeti","Mbalibali","Tamkeri",2014-06-13,206,1
"Serengeti","Kisangura","Kisangura",2014-06-16,97,11
"Serengeti","Nyansurura","Marasomoche",2014-06-16,158,0
"Serengeti","Nyansurura","Nyansurura",2014-06-17,243,0
"Serengeti","Sedeco","Mbirikiri",2014-06-18,154,0
"Serengeti","Mugumu","Mugumu",2014-06-18,1115,52
"Serengeti","Kisaka","Borenga",2014-07-29,296,0
"Serengeti","Kisaka","Buchanchari",2014-07-29,145,0
"Serengeti","Busawe","Busawe",2014-07-29,201,0
"Serengeti","Busawe","Gantamome",2014-07-29,228,0
"Serengeti","Rung'abure","Gesarya",2014-07-29,364,0
"Serengeti","Kenyamonta","Hekwe",2014-07-29,187,0
"Serengeti","Majimoto","Iseresere",2014-07-29,283,0
"Serengeti","Magange","Magange",2014-07-29,272,0
"Serengeti","Kenyamonta","Magatini",2014-07-29,68,0
"Serengeti","Majimoto","Majimoto",2014-07-29,384,0
"Serengeti","Magange","Masinki",2014-07-29,269,0
"Serengeti","Kenyamonta","Mesaga",2014-07-29,197,0
"Serengeti","Kenyamonta","Nyagasense",2014-07-29,342,0
"Serengeti","Majimoto","Nyamakobiti",2014-07-29,325,0
"Serengeti","Busawe","Nyamehuru",2014-07-29,355,0
"Serengeti","Kisaka","Nyansurumunti",2014-07-29,256,0
"Serengeti","Kisaka","Nyiboko",2014-07-29,218,0
"Serengeti","Magange","Remung'orori",2014-07-29,176,0
"Serengeti","Ring'wani","Ring'wani",2014-07-29,181,0
"Serengeti","Rung'abure","Rung'abure",2014-07-29,317,0
"Serengeti","Nyamoko","Itununu",2014-07-31,351,0
"Serengeti","Kebanchebanche","Kebanchebanche",2014-07-31,288,0
"Serengeti","Nyamoko","Kwitete",2014-08-31,187,0
"Serengeti","Uwanja wa Ndege","Ngarawani",2014-08-31,231,0
"Serengeti","Rung'abure","Nyamerama",2014-08-31,270,0
"Serengeti","Ring'wani","Nyamitita",2014-08-31,224,0
"Serengeti","Geitasamo","Nyamoko",2014-08-31,215,0
"Serengeti","Ring'wani","Kenyana",2014-09-30,341,0
"Serengeti","Nyambureti","Kerukerege",2014-09-30,194,0
"Serengeti","Nyamatare","Nyamatare",2014-09-30,142,0
"Serengeti","Mosongo","Nyamatoke",2014-09-30,158,0
"Serengeti","Nyambureti","Nyambureti",2014-09-30,284,0
"Serengeti","Nyambureti","Gusuhi",2014-10-31,422,0
"Serengeti","Nyamatare","Kemgesi",2014-10-31,204,0
"Serengeti","Nyambureti","Maburi",2014-10-31,256,0
"Serengeti","Nyambureti","Monuna",2014-10-31,123,0
"Serengeti","Issenye","Iharara",2015-06-25,184,9
"Serengeti","Issenye","Nyamasingisi",2015-06-25,234,4
"Serengeti","Rigicha","Kitembere",2015-06-26,199,8
"Serengeti","Natta","Kono",2015-06-26,97,1
"Serengeti","Issenye","Nyiberekera",2015-06-29,339,19
"Serengeti","Issenye","Singisi",2015-06-29,311,9
"Serengeti","Natta","Mbisso",2015-06-30,261,23
"Serengeti","Natta","Motukeri",2015-06-30,209,2
"Serengeti","Natta","Makundusi",2015-07-01,457,5
"Serengeti","Natta","Makundusi",2015-07-02,162,3
"Serengeti","Kyambahi","Nyichoka",2015-07-02,92,0
"Serengeti","Mosongo","Kenokwe",2015-07-03,138,0
"Serengeti","Kyambahi","Nyichoka",2015-07-03,275,2
"Serengeti","Mosongo","Kenokwe",2015-07-06,215,1
"Serengeti","Mosongo","Mosongo",2015-07-06,254,1
"Serengeti","Nyansurura","Merenga",2015-07-07,128,4
"Serengeti","Machochwe","Machochwe",2015-07-08,299,3
"Serengeti","Sedeco","Bonchugu",2015-07-09,435,10
"Serengeti","Manchira","Misseke",2015-07-13,166,2
"Serengeti","Manchira","Rwamchanga",2015-07-13,154,0
"Serengeti","Ikoma","Park Nyigoti",2015-07-14,88,2
"Serengeti","Ikoma","Robanda",2015-07-14,81,0
"Serengeti","Uwanja wa Ndege","Burunga",2015-07-15,231,2
"Serengeti","Uwanja wa Ndege","Kyambahi",2015-07-15,143,2
"Serengeti","Manchira","Bwitengi",2015-07-16,100,3
"Serengeti","Morotonga","Morotonga",2015-07-16,258,6
"Serengeti","Sedeco","Nyamburi",2015-07-17,303,10
"Serengeti","Machochwe","Manyata",2015-07-20,104,3
"Serengeti","Machochwe","Nyamakendo",2015-07-20,176,2
"Serengeti","Mbalibali","Mbalibali",2015-07-21,156,0
"Serengeti","Machochwe","Nyamakendo",2015-07-21,138,0
"Serengeti","Mbalibali","Kitunguruma",2015-07-22,155,2
"Serengeti","Mbalibali","Koreri",2015-07-22,224,3
"Serengeti","Kisangura","Kibeyo",2015-07-23,244,7
"Serengeti","Kisangura","Kisangura",2015-07-23,263,3
"Serengeti","Sedeco","Bisarara",2015-07-24,194,0
"Serengeti","Mbalibali","Tamkeri",2015-07-24,186,2
"Serengeti","Kisangura","Kebosongo",2015-07-27,259,12
"Serengeti","Manchira","Rwamchanga",2015-07-27,51,0
"Serengeti","Geitasamo","Kegonga",2015-07-28,82,1
"Serengeti","Mugumu","Matare",2015-07-28,244,14
"Serengeti","Kisangura","Kisangura",2015-07-29,117,2
"Serengeti","Nyansurura","Nyansurura",2015-07-29,69,0
"Serengeti","Nyansurura","Marasomoche",2015-07-30,159,1
"Serengeti","Nyansurura","Nyansurura",2015-07-30,73,0
"Serengeti","Sedeco","Mbirikiri",2015-07-31,238,1
"Serengeti","Mugumu","Mugumu",2015-07-31,900,21
"Serengeti","Kisaka","Borenga",2015-09-28,352,0
"Serengeti","Kisaka","Nyiboko",2015-09-28,296,0
"Serengeti","Kisaka","Buchanchari",2015-09-29,487,0
"Serengeti","Kisaka","Nyansurumunti",2015-09-29,253,0
"Serengeti","Busawe","Busawe",2015-09-30,186,2
"Serengeti","Busawe","Gantamome",2015-09-30,244,8
"Serengeti","Majimoto","Iseresere",2015-10-01,357,0
"Serengeti","Majimoto","Majimoto",2015-10-01,300,0
"Serengeti","Majimoto","Nyamakobiti",2015-10-01,201,0
"Serengeti","Kenyamonta","Hekwe",2015-10-02,242,0
"Serengeti","Kenyamonta","Magatini",2015-10-02,87,0
"Serengeti","Kenyamonta","Mesaga",2015-10-02,221,0
"Serengeti","Kenyamonta","Nyagasense",2015-10-02,440,0
"Serengeti","Kenyamonta","Kenyamonta",2015-10-03,405,0
"Serengeti","Nyamoko","Masangura",2015-10-15,271,2
"Serengeti","Nyamatare","Nyirongo",2015-10-15,143,0
"Serengeti","Nyamoko","Kwitete",2015-10-16,224,0
"Serengeti","Uwanja wa Ndege","Ngarawani",2015-10-16,246,0
"Serengeti","Rung'abure","Nyamerama",2015-10-17,352,5
"Serengeti","Rung'abure","Rung'abure",2015-10-17,387,4
"Serengeti","Nyamoko","Itununu",2015-10-19,193,5
"Serengeti","Nyamoko","Kerenero",2015-10-19,116,0
"Serengeti","Geitasamo","Nyamoko",2015-10-19,168,3
"Serengeti","Rung'abure","Gesarya",2015-11-09,317,3
"Serengeti","Nyansurura","Kitarungu",2015-11-09,75,0
"Serengeti","Magange","Magange",2015-11-10,255,0
"Serengeti","Magange","Masinki",2015-11-10,400,1
"Serengeti","Magange","Remung'orori",2015-11-10,332,0
"Serengeti","Ring'wani","Kenyana",2015-11-11,192,5
"Serengeti","Ring'wani","Nyamitita",2015-11-11,335,5
"Serengeti","Ring'wani","Ring'wani",2015-11-11,209,1
"Serengeti","Kebanchebanche","Kebanchebanche",2015-11-12,136,0
"Serengeti","Ring'wani","Kenyana",2015-11-12,119,5
"Serengeti","Kebanchebanche","Musati",2015-11-12,339,4
"Serengeti","Kebanchebanche","Kebanchebanche",2015-11-13,168,7
"Serengeti","Kebanchebanche","Sogoti",2015-11-13,91,0
"Serengeti","Nyamatare","Kemgesi",2015-11-18,399,1
"Serengeti","Nyamatare","Nyamatare",2015-11-18,203,2
"Serengeti","Nyambureti","Maburi",2015-11-19,528,1
"Serengeti","Nyambureti","Gusuhi",2015-12-03,177,0
"Serengeti","Nyambureti","Nyambureti",2015-12-03,42,0
"Serengeti","Rigicha","Nyankomogo",2015-12-04,97,0
"Serengeti","Rigicha","Rigicha",2015-12-04,153,4
"Serengeti","Nyambureti","Monuna",2015-12-05,261,4
"Serengeti","Rigicha","Wagete",2015-12-05,103,7
"Serengeti","Mosongo","Nyamatoke",2015-12-12,203,1
"Serengeti","Issenye","Iharara",2016-05-17,155,3
"Serengeti","Issenye","Nyamasingisi",2016-05-17,255,9
"Serengeti","Rigicha","Kitembere",2016-05-18,207,6
"Serengeti","Natta","Kono",2016-05-18,121,0
"Serengeti","Issenye","Nyiberekera",2016-05-19,268,13
"Serengeti","Issenye","Singisi",2016-05-19,251,0
"Serengeti","Natta","Mbisso",2016-05-20,208,13
"Serengeti","Natta","Motukeri",2016-05-20,250,5
"Serengeti","Natta","Makundusi",2016-05-23,337,2
"Serengeti","Natta","Makundusi",2016-05-24,176,6
"Serengeti","Kyambahi","Nyichoka",2016-05-24,120,0
"Serengeti","Mosongo","Kenokwe",2016-05-25,111,2
"Serengeti","Kyambahi","Nyichoka",2016-05-25,323,6
"Serengeti","Mosongo","Kenokwe",2016-05-26,303,5
"Serengeti","Mosongo","Mosongo",2016-05-26,262,2
"Serengeti","Uwanja wa Ndege","Burunga",2016-05-27,239,0
"Serengeti","Uwanja wa Ndege","Kyambahi",2016-05-27,122,1
"Serengeti","Manchira","Bwitengi",2016-05-30,126,6
"Serengeti","Morotonga","Morotonga",2016-05-30,270,4
"Serengeti","Ikoma","Park Nyigoti",2016-05-31,155,6
"Serengeti","Ikoma","Robanda",2016-05-31,104,0
"Serengeti","Nyansurura","Merenga",2016-06-01,157,2
"Serengeti","Machochwe","Machochwe",2016-06-02,348,7
"Serengeti","Machochwe","Machochwe",2016-06-03,189,11
"Serengeti","Machochwe","Nyamakendo",2016-06-03,196,7
"Serengeti","Mbalibali","Mbalibali",2016-06-06,456,4
"Serengeti","Mbalibali","Kitunguruma",2016-06-07,147,6
"Serengeti","Mbalibali","Koreri",2016-06-07,290,4
"Serengeti","Sedeco","Bisarara",2016-06-08,261,4
"Serengeti","Mbalibali","Mbalibali",2016-06-08,239,3
"Serengeti","Kisangura","Kibeyo",2016-06-09,270,13
"Serengeti","Kisangura","Kisangura",2016-06-09,531,10
"Serengeti","Kisangura","Kebosongo",2016-06-10,267,14
"Serengeti","Manchira","Rwamchanga",2016-06-10,58,58
"Serengeti","Sedeco","Mbirikiri",2016-06-13,208,1
"Serengeti","Manchira","Misseke",2016-06-14,222,0
"Serengeti","Manchira","Rwamchanga",2016-06-14,137,0
"Serengeti","Kyambahi","Bokore",2016-06-15,87,4
"Serengeti","Sedeco","Bonchugu",2016-06-15,110,2
"Serengeti","Geitasamo","Kegonga",2016-06-16,132,8
"Serengeti","Geitasamo","Matare",2016-06-16,319,25
"Serengeti","Nyansurura","Kitarungu",2016-06-17,137,3
"Serengeti","Nyansurura","Nyansurura",2016-06-17,69,0
"Serengeti","Nyansurura","Marasomoche",2016-06-20,134,2
"Serengeti","Nyansurura","Nyansurura",2016-06-20,105,1
"Serengeti","Mugumu","Mugumu",2016-06-21,1145,33
"Serengeti","Kisaka","Borenga",2016-07-18,321,0
"Serengeti","Kisaka","Buchanchari",2016-07-18,425,1
"Serengeti","Kisaka","Nyiboko",2016-07-18,267,0
"Serengeti","Busawe","Gantamome",2016-07-19,199,2
"Serengeti","Nyambureti","Monuna",2016-07-19,233,0
"Serengeti","Kisaka","Nyansurumunti",2016-07-19,304,1
"Serengeti","Busawe","Busawe",2016-07-20,264,1
"Serengeti","Majimoto","Iseresere",2016-07-20,337,0
"Serengeti","Majimoto","Nyamakobiti",2016-07-20,444,1
"Serengeti","Kenyamonta","Hekwe",2016-07-21,281,0
"Serengeti","Kenyamonta","Magatini",2016-07-21,101,0
"Serengeti","Majimoto","Majimoto",2016-07-21,470,4
"Serengeti","Kenyamonta","Mesaga",2016-07-21,370,3
"Serengeti","Kenyamonta","Kenyamonta",2016-07-22,374,4
"Serengeti","Kenyamonta","Nyagasense",2016-07-22,470,0
"Serengeti","Magange","Remung'orori",2016-07-22,363,0
"Serengeti","Magange","Magange",2016-07-23,287,6
"Serengeti","Magange","Masinki",2016-07-23,391,0
"Serengeti","Ring'wani","Ring'wani",2016-07-23,292,1
"Serengeti","Nyamoko","Itununu",2016-07-25,185,2
"Serengeti","Nyamoko","Kerenero",2016-07-25,114,1
"Serengeti","Geitasamo","Nyamoko",2016-07-25,181,3
"Serengeti","Rung'abure","Gesarya",2016-07-26,204,0
"Serengeti","Rung'abure","Nyamerama",2016-07-26,237,3
"Serengeti","Rung'abure","Rung'abure",2016-07-26,257,5
"Serengeti","Kebanchebanche","Kebanchebanche",2016-07-27,134,5
"Serengeti","Rung'abure","Rung'abure",2016-07-27,177,1
"Serengeti","Kebanchebanche","Sogoti",2016-07-27,115,0
"Serengeti","Ring'wani","Kenyana",2016-07-28,291,11
"Serengeti","Kebanchebanche","Musati",2016-07-28,346,3
"Serengeti","Ring'wani","Nyamitita",2016-07-28,295,1
"Serengeti","Nyamatare","Kemgesi",2016-07-29,302,3
"Serengeti","Nyamatare","Nyamatare",2016-07-29,177,0
"Serengeti","Nyamatare","Nyirongo",2016-07-29,188,0
"Serengeti","Nyamoko","Kwitete",2016-07-30,398,2
"Serengeti","Nyamoko","Masangura",2016-07-30,316,2
"Serengeti","Uwanja wa Ndege","Ngarawani",2016-07-30,255,1
"Serengeti","Sedeco","Nyamburi",2016-08-02,281,15
"Serengeti","Nyambureti","Gusuhi",2016-09-01,296,3
"Serengeti","Nyambureti","Maburi",2016-09-01,246,12
"Serengeti","Mosongo","Nyamatoke",2016-09-01,234,2
"Serengeti","Nyambureti","Nyambureti",2016-09-02,126,5
"Serengeti","Rigicha","Nyankomogo",2016-09-02,107,0
"Serengeti","Rigicha","Rigicha",2016-09-02,208,0
"Serengeti","Nyambureti","Kerukerege",2016-09-05,110,4
"Serengeti","Nyambureti","Monuna",2016-09-05,62,0
"Serengeti","Rigicha","Wagete",2016-09-05,112,0
"Serengeti","Issenye","Iharara",2017-06-07,311,7
"Serengeti","Issenye","Nyamasingisi",2017-06-07,327,8
"Serengeti","Rigicha","Kitembere",2017-06-08,267,16
"Serengeti","Natta","Kono",2017-06-08,173,4
"Serengeti","Nyansurura","Nyansurura",2017-06-09,302,4
"Serengeti","Issenye","Nyiberekera",2017-06-09,337,27
"Serengeti","Issenye","Singisi",2017-06-09,241,8
"Serengeti","Natta","Mbisso",2017-06-13,206,8
"Serengeti","Natta","Motukeri",2017-06-13,212,4
"Serengeti","Kyambahi","Bokore",2017-06-15,84,3
"Serengeti","Uwanja wa Ndege","Burunga",2017-06-15,261,10
"Serengeti","Natta","Makundusi",2017-06-16,586,10
"Serengeti","Mosongo","Kenokwe",2017-06-20,221,1
"Serengeti","Mosongo","Mosongo",2017-06-20,510,12
"Serengeti","Uwanja wa Ndege","Kyambahi",2017-06-21,190,5
"Serengeti","Sedeco","Nyamburi",2017-06-22,311,15
"Serengeti","Nyansurura","Merenga",2017-06-23,163,2
"Serengeti","Ikoma","Park Nyigoti",2017-06-28,160,0
"Serengeti","Ikoma","Robanda",2017-06-28,65,2
"Serengeti","Manchira","Misseke",2017-06-29,262,1
"Serengeti","Manchira","Rwamchanga",2017-06-29,313,0
"Serengeti","Sedeco","Bonchugu",2017-07-03,432,6
"Serengeti","Kisangura","Kebosongo",2017-07-03,326,8
"Serengeti","Manchira","Bwitengi",2017-09-08,200,2
"Serengeti","Geitasamo","Kegonga",2017-09-12,140,6
"Serengeti","Mugumu","Matare",2017-09-12,383,14
"Serengeti","Kyambahi","Nyichoka",2017-09-12,495,17
"Serengeti","Nyansurura","Marasomoche",2017-09-13,223,3
"Serengeti","Nyansurura","Kitarungu",2017-09-14,282,0
"Serengeti","Machochwe","Machochwe",2017-09-15,370,2
"Serengeti","Nyamoko","Itununu",2017-09-18,310,17
"Serengeti","Nyamoko","Kerenero",2017-09-18,176,16
"Serengeti","Morotonga","Morotonga",2017-09-18,421,3
"Serengeti","Machochwe","Machochwe",2017-09-19,135,0
"Serengeti","Machochwe","Nyamakendo",2017-09-19,291,1
"Serengeti","Ring'wani","Kenyana",2017-09-20,159,10
"Serengeti","Mbalibali","Kitunguruma",2017-09-20,131,4
"Serengeti","Machochwe","Manyata",2017-09-20,135,0
"Serengeti","Mbalibali","Mbalibali",2017-09-20,358,0
"Serengeti","Kebanchebanche","Musati",2017-09-20,422,11
"Serengeti","Sedeco","Bisarara",2017-09-21,300,0
"Serengeti","Ring'wani","Kenyana",2017-09-21,474,26
"Serengeti","Mbalibali","Koreri",2017-09-21,255,6
"Serengeti","Ring'wani","Nyamitita",2017-09-21,380,9
"Serengeti","Nyamoko","Masangura",2017-09-22,340,9
"Serengeti","Nyamatare","Nyamatare",2017-09-22,160,10
"Serengeti","Kisaka","Borenga",2017-09-25,341,31
"Serengeti","Sedeco","Mbirikiri",2017-09-25,174,0
"Serengeti","Kisaka","Nyiboko",2017-09-25,250,6
"Serengeti","Kisaka","Buchanchari",2017-09-26,321,22
"Serengeti","Kisangura","Kibeyo",2017-09-26,439,3
"Serengeti","Kisangura","Kisangura",2017-09-26,479,18
"Serengeti","Kisaka","Nyansurumunti",2017-09-26,182,11
"Serengeti","Mbalibali","Tamkeri",2017-09-26,458,11
"Serengeti","Busawe","Gantamome",2017-09-27,229,10
"Serengeti","Mugumu","Mugumu",2017-09-27,989,23
"Serengeti","Kyambahi","Nyanungu",2017-09-27,221,10
"Serengeti","Busawe","Busawe",2017-09-28,200,10
"Serengeti","Majimoto","Iseresere",2017-09-28,296,17
"Serengeti","Majimoto","Majimoto",2017-09-29,417,24
"Serengeti","Majimoto","Nyamakobiti",2017-09-29,431,15
"Serengeti","Kenyamonta","Hekwe",2017-09-30,286,11
"Serengeti","Kenyamonta","Magatini",2017-09-30,103,6
"Serengeti","Kenyamonta","Mesaga",2017-09-30,388,13
"Serengeti","Kenyamonta","Kenyamonta",2017-10-01,353,3
"Serengeti","Kenyamonta","Nyagasense",2017-10-01,485,7
"Serengeti","Magange","Magange",2017-10-02,251,11
"Serengeti","Magange","Remung'orori",2017-10-02,335,7
"Serengeti","Magange","Masinki",2017-10-03,335,11
"Serengeti","Ring'wani","Ring'wani",2017-10-03,292,16
"Serengeti","Nyambureti","Gusuhi",2017-10-04,411,15
"Serengeti","Nyambureti","Nyambureti",2017-10-04,158,10
"Serengeti","Rigicha","Nyankomogo",2017-10-05,294,26
"Serengeti","Rigicha","Rigicha",2017-10-05,245,6
"Serengeti","Kebanchebanche","Kebanchebanche",2017-12-04,297,24
"Serengeti","Geitasamo","Nyamoko",2017-12-04,230,18
"Serengeti","Rung'abure","Nyamerama",2017-12-05,257,24
"Serengeti","Rung'abure","Rung'abure",2017-12-05,320,24
"Serengeti","Rung'abure","Gesarya",2017-12-06,307,4
"Serengeti","Kebanchebanche","Kebanchebanche",2017-12-07,173,14
"Serengeti","Nyamoko","Kwitete",2017-12-08,92,8
"Serengeti","Uwanja wa Ndege","Ngarawani",2017-12-08,217,7
"Serengeti","Nyamatare","Kemgesi",2017-12-13,445,16
"Serengeti","Nyamatare","Nyamatare",2017-12-13,206,5
"Serengeti","Nyambureti","Maburi",2017-12-14,377,23
"Serengeti","Mosongo","Nyamatoke",2017-12-14,310,8
"Serengeti","Nyambureti","Kerukerege",2017-12-28,142,13
"Serengeti","Nyambureti","Monuna",2017-12-28,216,10
"Serengeti","Rigicha","Wagete",2017-12-28,259,9
"Serengeti","Issenye","Iharara",2018-08-15,201,7
"Serengeti","Rigicha","Kitembere",2018-08-16,174,3
"Serengeti","Issenye","Nyamasingisi",2018-08-16,274,4
"Serengeti","Natta","Kono",2018-08-17,73,2
"Serengeti","Issenye","Nyiberekera",2018-08-20,229,7
"Serengeti","Issenye","Singisi",2018-08-20,185,4
"Serengeti","Natta","Mbisso",2018-08-21,207,10
"Serengeti","Natta","Makundusi",2018-08-23,540,10
"Serengeti","Mosongo","Kenokwe",2018-08-27,232,4
"Serengeti","Mosongo","Mosongo",2018-08-27,485,1
"Serengeti","Natta","Motukeri",2018-08-27,177,2
"Serengeti","Uwanja wa Ndege","Kyambahi",2018-08-29,115,4
"Serengeti","Kyambahi","Nyanungu",2018-08-29,221,4
"Serengeti","Kyambahi","Nyichoka",2018-08-29,335,9
"Serengeti","Kyambahi","Bokore",2018-08-30,115,2
"Serengeti","Uwanja wa Ndege","Burunga",2018-08-30,181,10
"Serengeti","Geitasamo","Kegonga",2018-08-31,118,3
"Serengeti","Geitasamo","Matare",2018-08-31,297,26
"Serengeti","Nyansurura","Marasomoche",2018-09-03,164,3
"Serengeti","Nyansurura","Kitarungu",2018-09-04,117,2
"Serengeti","Nyansurura","Nyansurura",2018-09-04,185,4
"Serengeti","Nyansurura","Merenga",2018-09-05,118,1
"Serengeti","Sedeco","Bisarara",2018-09-07,241,3
"Serengeti","Mbalibali","Tamkeri",2018-09-07,335,17
"Serengeti","Sedeco","Nyamburi",2018-09-10,356,13
"Serengeti","Machochwe","Machochwe",2018-09-12,273,6
"Serengeti","Machochwe","Manyata",2018-09-13,127,3
"Serengeti","Machochwe","Nyamakendo",2018-09-13,243,2
"Serengeti","Mbalibali","Kitunguruma",2018-09-14,136,2
"Serengeti","Mbalibali","Mbalibali",2018-09-14,386,4
"Serengeti","Kisangura","Kibeyo",2018-09-17,336,10
"Serengeti","Mbalibali","Koreri",2018-09-17,257,8
"Serengeti","Kisangura","Kisangura",2018-09-18,335,19
"Serengeti","Sedeco","Mbirikiri",2018-09-18,196,2
"Serengeti","Sedeco","Bonchugu",2018-09-19,378,6
"Serengeti","Kisangura","Kebosongo",2018-09-20,259,10
"Serengeti","Mugumu","Mugumu",2018-09-21,1062,33
"Serengeti","Ikoma","Park Nyigoti",2018-09-24,148,5
"Serengeti","Ikoma","Robanda",2018-09-24,31,0
"Serengeti","Manchira","Misseke",2018-09-25,290,0
"Serengeti","Manchira","Rwamchanga",2018-09-25,307,0
"Serengeti","Manchira","Bwitengi",2018-09-26,250,6
"Serengeti","Morotonga","Morotonga",2018-09-26,361,8
"Serengeti","Kisaka","Borenga",2019-07-09,336,4
"Serengeti","Kisaka","Nyiboko",2019-07-09,439,20
"Serengeti","Kisaka","Buchanchari",2019-07-10,485,20
"Serengeti","Kisaka","Nyansurumunti",2019-07-10,287,5
"Serengeti","Busawe","Gantamome",2019-07-11,218,6
"Serengeti","Busawe","Nyamehuru",2019-07-11,76,9
"Serengeti","Busawe","Busawe",2019-07-12,247,1
"Serengeti","Majimoto","Iseresere",2019-07-12,299,17
"Serengeti","Majimoto","Majimoto",2019-07-13,207,11
"Serengeti","Majimoto","Nyamakobiti",2019-07-13,270,3
"Serengeti","Kenyamonta","Hekwe",2019-07-14,117,3
"Serengeti","Kenyamonta","Magatini",2019-07-14,249,19
"Serengeti","Kenyamonta","Mesaga",2019-07-14,333,5
"Serengeti","Kenyamonta","Kenyamonta",2019-07-15,173,4
"Serengeti","Kenyamonta","Nyagasense",2019-07-15,392,13
"Serengeti","Magange","Magange",2019-07-16,227,9
"Serengeti","Magange","Remung'orori",2019-07-16,380,3
"Serengeti","Magange","Masinki",2019-07-17,340,11
"Serengeti","Ring'wani","Ring'wani",2019-07-17,340,11
"Serengeti","Nyamatare","Kemgesi",2019-07-20,390,13
"Serengeti","Nyamatare","Nyamatare",2019-07-20,166,4
"Serengeti","Nyambureti","Gusuhi",2019-07-21,194,5
"Serengeti","Nyambureti","Nyambureti",2019-07-21,97,10
"Serengeti","Rigicha","Nyankomogo",2019-07-22,67,3
"Serengeti","Rigicha","Rigicha",2019-07-22,118,4
"Serengeti","Nyambureti","Monuna",2019-07-23,163,6
"Serengeti","Rigicha","Wagete",2019-07-23,57,4
"Serengeti","Nyambureti","Kerukerege",2019-07-24,142,13
"Serengeti","Ring'wani","Kenyana",2019-07-25,307,13
"Serengeti","Kebanchebanche","Musati",2019-07-26,217,11
"Serengeti","Ring'wani","Nyamitita",2019-07-26,458,7
"Serengeti","Kebanchebanche","Sogoti",2019-07-26,67,8
"Serengeti","Kebanchebanche","Kebanchebanche",2019-07-29,301,19
"Serengeti","Rung'abure","Gesarya",2019-07-30,180,5
"Serengeti","Rung'abure","Rung'abure",2019-07-30,332,13
"Serengeti","Rung'abure","Nyamerama",2019-07-31,165,22
"Serengeti","Geitasamo","Nyamoko",2019-07-31,151,9
"Serengeti","Nyamoko","Itununu",2019-08-01,243,13
"Serengeti","Nyamoko","Kerenero",2019-08-01,109,8
"Serengeti","Nyamoko","Kwitete",2019-08-02,234,8
"Serengeti","Uwanja wa Ndege","Ngarawani",2019-08-02,242,8
"Serengeti","Nyamoko","Masangura",2019-08-03,303,6
"Serengeti","Nyamatare","Nyirongo",2019-08-03,151,4
"Serengeti","Nyambureti","Maburi",2019-08-21,263,3
"Serengeti","Mosongo","Nyamatoke",2019-08-21,230,5
"Serengeti","Nyansurura","Merenga",2019-09-20,77,1
"Serengeti","Issenye","Iharara",2019-09-23,329,15
"Serengeti","Issenye","Nyamasingisi",2019-09-23,246,7
"Serengeti","Rigicha","Kitembere",2019-09-24,151,2
"Serengeti","Natta","Kono",2019-09-24,72,0
"Serengeti","Issenye","Nyiberekera",2019-09-25,262,22
"Serengeti","Issenye","Singisi",2019-09-25,258,14
"Serengeti","Natta","Mbisso",2019-09-26,221,11
"Serengeti","Natta","Motukeri",2019-09-26,142,0
"Serengeti","Mugumu","Mugumu",2019-09-27,890,38
"Serengeti","Natta","Makundusi",2019-09-30,394,12
"Serengeti","Mosongo","Kenokwe",2019-10-02,161,8
"Serengeti","Kyambahi","Nyanungu",2019-10-02,209,7
"Serengeti","Mosongo","Mosongo",2019-10-03,366,13
"Serengeti","Kyambahi","Bokore",2019-10-04,105,0
"Serengeti","Kyambahi","Nyichoka",2019-10-04,219,9
"Serengeti","Uwanja wa Ndege","Burunga",2019-10-07,160,11
"Serengeti","Uwanja wa Ndege","Kyambahi",2019-10-07,117,1
"Serengeti","Geitasamo","Kegonga",2019-10-08,107,1
"Serengeti","Geitasamo","Matare",2019-10-08,237,16
"Serengeti","Nyansurura","Marasomoche",2019-10-09,105,0
"Serengeti","Machochwe","Machochwe",2019-10-10,224,15
"Serengeti","Nyansurura","Kitarungu",2019-10-11,81,1
"Serengeti","Nyansurura","Nyansurura",2019-10-11,126,8
"Serengeti","Machochwe","Manyata",2019-10-15,99,7
"Serengeti","Machochwe","Nyamakendo",2019-10-15,142,7
"Serengeti","Sedeco","Bisarara",2019-10-17,124,3
"Serengeti","Mbalibali","Tamkeri",2019-10-17,248,17
"Serengeti","Sedeco","Nyamburi",2019-10-18,159,15
"Serengeti","Mbalibali","Kitunguruma",2019-10-21,99,6
"Serengeti","Mbalibali","Mbalibali",2019-10-21,272,12
"Serengeti","Kisangura","Kibeyo",2019-10-22,214,11
"Serengeti","Mbalibali","Koreri",2019-10-22,191,18
"Serengeti","Ikoma","Park Nyigoti",2019-10-23,52,4
"Serengeti","Ikoma","Robanda",2019-10-23,93,0
"Serengeti","Kisangura","Kebosongo",2019-10-24,216,10
"Serengeti","Kisangura","Kisangura",2019-10-25,216,18
"Serengeti","Manchira","Bwitengi",2019-10-28,162,5
"Serengeti","Morotonga","Morotonga",2019-10-28,177,10
"Serengeti","Manchira","Misseke",2019-10-29,173,1
"Serengeti","Manchira","Rwamchanga",2019-10-29,183,0
"Serengeti","Sedeco","Bonchugu",2019-10-30,294,4
"Serengeti","Sedeco","Mbirikiri",2019-10-30,170,7
"Serengeti","Issenye","Iharara",2020-11-05,234,19
"Serengeti","Issenye","Nyamasingisi",2020-11-05,212,11
"Serengeti","Natta","Kono",2020-11-06,96,1
"Serengeti","Issenye","Nyiberekera",2020-11-09,169,30
"Serengeti","Issenye","Singisi",2020-11-09,197,27
"Serengeti","Natta","Mbisso",2020-11-10,258,25
"Serengeti","Natta","Motukeri",2020-11-10,168,8
"Serengeti","Natta","Makundusi",2020-11-11,300,21
"Serengeti","Kyambahi","Nyichoka",2020-11-12,220,28
"Serengeti","Uwanja wa Ndege","Burunga",2020-11-13,187,18
"Serengeti","Uwanja wa Ndege","Kyambahi",2020-11-13,98,5
"Serengeti","Manchira","Misseke",2020-11-16,125,8
"Serengeti","Manchira","Rwamchanga",2020-11-16,204,0
"Serengeti","Kisangura","Kebosongo",2020-11-17,206,17
"Serengeti","Kisangura","Kibeyo",2020-11-18,203,4
"Serengeti","Kisangura","Kisangura",2020-11-18,267,25
"Serengeti","Manchira","Bwitengi",2020-11-19,160,13
"Serengeti","Morotonga","Morotonga",2020-11-19,309,22
"Serengeti","Uwanja wa Ndege","Ngarawani",2020-11-20,158,2
"Serengeti","Kyambahi","Nyanungu",2020-11-20,137,8
"Serengeti","Geitasamo","Kegonga",2020-11-23,91,5
"Serengeti","Geitasamo","Matare",2020-11-23,294,20
"Serengeti","Mbalibali","Kitunguruma",2020-11-24,120,5
"Serengeti","Mbalibali","Koreri",2020-11-24,132,20
"Serengeti","Sedeco","Mbirikiri",2020-11-25,203,6
"Serengeti","Ikoma","Park Nyigoti",2020-11-26,94,7
"Serengeti","Ikoma","Robanda",2020-11-26,72,4
"Serengeti","Sedeco","Bonchugu",2020-11-27,292,8
"Serengeti","Sedeco","Nyamburi",2020-11-30,173,16
"Serengeti","Sedeco","Bisarara",2020-12-01,187,12
"Serengeti","Mbalibali","Tamkeri",2020-12-01,252,11
"Serengeti","Mbalibali","Mbalibali",2020-12-03,222,29
"Serengeti","Machochwe","Nyamakendo",2020-12-03,100,22
"Serengeti","Machochwe","Machochwe",2020-12-04,224,12
"Serengeti","Machochwe","Manyata",2020-12-04,89,10
"Serengeti","Kyambahi","Bokore",2020-12-08,75,3
"Serengeti","Nyansurura","Merenga",2020-12-09,115,1
"Serengeti","Nyansurura","Marasomoche",2020-12-10,134,1
"Serengeti","Mosongo","Kenokwe",2020-12-11,118,9
"Serengeti","Mosongo","Mosongo",2020-12-11,341,8
"Serengeti","Mugumu","Mugumu",2020-12-12,735,20
"Serengeti","Nyansurura","Kitarungu",2020-12-14,75,2
"Serengeti","Nyansurura","Nyansurura",2020-12-14,113,10
